{"type": "FeatureCollection", "features": [{"type": "Feature", "geometry": {"type": "LineString", "coordinates": [[-97.4944323297872, 35.2328883052083], [-97.4944266070554, 35.2342619938859], [-97.49441793892, 35.2363423515648], [-97.4943766725134, 35.2381652187611], [-97.4943615360026, 35.2392733675044], [-97.49433917186781, 35.2400569540386]]}, "properties": {"loc_id": "52500-1", "on_road": "36th Ave NW", "from_road": "Crossroads Blv", "to_road": "Robinson", "wards": [3, 8], "ward_primary": 8, "shared_boundary": true, "functional_class": "Minor Arterial", "class_source": "acog", "lanes_final": 5, "lanes_source": "verified", "one_way": false, "divided": false, "vpd_max": 13990.0, "volume_year": 2023, "capacity_C": 24000.0, "capacity_E": 36000.0, "v_c_C": 0.5829166666666666, "v_c_E": 0.38861111111111113, "v_c": 0.38861111111111113, "capacity_los": "E", "collisions": 22, "collisions_by_year": {"2022": 7, "2023": 4, "2024": 4, "2025": 7}, "combined": 22.38861111111111, "rank_combined_city": 79, "length_mi": 0.49258266185365585, "crashes_per_mi": 44.66255453899046, "crashes_per_mvmt": 1.7492946836386252, "geom_source": "clipped"}}, {"type": "Feature", "geometry": {"type": "LineString", "coordinates": [[-97.5119430859927, 35.2618510186033], [-97.51194195276922, 35.2663049294643], [-97.5119592999115, 35.267766054599]]}, "properties": {"loc_id": "52500-10", "on_road": "48th Ave NW", "from_road": "Ridgeline", "to_road": "Tecumseh", "wards": [3, 8], "ward_primary": 3, "shared_boundary": true, "functional_class": "Minor Arterial", "class_source": "acog", "lanes_final": 2, "lanes_source": "verified", "one_way": false, "divided": false, "vpd_max": 3390.0, "volume_year": 2023, "capacity_C": 10000.0, "capacity_E": 17100.0, "v_c_C": 0.339, "v_c_E": 0.19824561403508772, "v_c": 0.19824561403508772, "capacity_los": "E", "collisions": 6, "collisions_by_year": {"2022": 2, "2023": 1, "2024": 2, "2025": 1}, "combined": 6.198245614035088, "rank_combined_city": 150, "length_mi": 0.4064121176142065, "crashes_per_mi": 14.763339329600404, "crashes_per_mvmt": 2.3862834815695484, "geom_source": "clipped"}}, {"type": "Feature", "geometry": {"type": "LineString", "coordinates": [[-97.4473047753289, 35.2204495358108], [-97.4486862283185, 35.2198823923124]]}, "properties": {"loc_id": "52500-100", "on_road": "W Gray St", "from_road": "University", "to_road": "Webster", "wards": [4], "ward_primary": 4, "shared_boundary": false, "functional_class": "Minor Arterial", "class_source": "acog", "lanes_final": 2, "lanes_source": "verified", "one_way": true, "divided": false, "vpd_max": 7647.0, "volume_year": 2023, "capacity_C": 12000.0, "capacity_E": 22000.0, "v_c_C": 0.63725, "v_c_E": 0.3475909090909091, "v_c": 0.3475909090909091, "capacity_los": "E", "collisions": 22, "collisions_by_year": {"2021": 2, "2022": 4, "2023": 4, "2024": 5, "2025": 7}, "combined": 22.347590909090908, "rank_combined_city": 80, "length_mi": 0.08724943664750376, "crashes_per_mi": 252.15062521127956, "crashes_per_mvmt": 18.067833940521368, "geom_source": "clipped"}}, {"type": "Feature", "geometry": {"type": "LineString", "coordinates": [[-97.45014107319288, 35.1894693399152], [-97.4505661319863, 35.1894650583714], [-97.45404271984158, 35.1894331516758], [-97.4545815881501, 35.1894257551306]]}, "properties": {"loc_id": "52500-109", "on_road": "W Imhoff Rd", "from_road": "Pickard Ave", "to_road": "Chautauqua", "wards": [4], "ward_primary": 4, "shared_boundary": false, "functional_class": "Minor Arterial", "class_source": "override", "lanes_final": 2, "lanes_source": "verified", "one_way": false, "divided": false, "vpd_max": 8016.0, "volume_year": 2025, "capacity_C": 10000.0, "capacity_E": 17100.0, "v_c_C": 0.8016, "v_c_E": 0.4687719298245614, "v_c": 0.4687719298245614, "capacity_los": "E", "collisions": 8, "collisions_by_year": {"2022": 2, "2023": 1, "2024": 2, "2025": 3}, "combined": 8.46877192982456, "rank_combined_city": 134, "length_mi": 0.2509466299697358, "crashes_per_mi": 31.879288440593125, "crashes_per_mvmt": 2.1791545976945508, "geom_source": "clipped"}}, {"type": "Feature", "geometry": {"type": "LineString", "coordinates": [[-97.51201906687952, 35.2763803080889], [-97.51209484595049, 35.2907383067321]]}, "properties": {"loc_id": "52500-11", "on_road": "48th Ave NW", "from_road": "Ind Hills", "to_road": "Franklin", "wards": [3], "ward_primary": 3, "shared_boundary": false, "functional_class": "Minor Arterial", "class_source": "city", "lanes_final": 2, "lanes_source": "verified", "one_way": false, "divided": false, "vpd_max": 3145.0, "volume_year": 2024, "capacity_C": 10000.0, "capacity_E": 17100.0, "v_c_C": 0.3145, "v_c_E": 0.18391812865497076, "v_c": 0.18391812865497076, "capacity_los": "E", "collisions": 14, "collisions_by_year": {"2021": 3, "2022": 5, "2023": 4, "2024": 1, "2025": 1}, "combined": 14.183918128654971, "rank_combined_city": 106, "length_mi": 0.9865114600535698, "crashes_per_mi": 14.191421556562322, "crashes_per_mvmt": 2.472534626663296, "geom_source": "clipped"}}, {"type": "Feature", "geometry": {"type": "LineString", "coordinates": [[-97.441357361422, 35.1895156022302], [-97.4431229695413, 35.1894820578803], [-97.4440768275985, 35.1894745247056], [-97.44451694062138, 35.189471190245], [-97.45014107319288, 35.1894693399152]]}, "properties": {"loc_id": "52500-110", "on_road": "Imhoff Rd W", "from_road": "Chautauqua", "to_road": "Jenkins", "wards": [7], "ward_primary": 7, "shared_boundary": false, "functional_class": "Minor Arterial", "class_source": "override", "lanes_final": 4, "lanes_source": "verified", "one_way": false, "divided": false, "vpd_max": 6057.0, "volume_year": 2025, "capacity_C": 22000.0, "capacity_E": 34200.0, "v_c_C": 0.2753181818181818, "v_c_E": 0.17710526315789474, "v_c": 0.17710526315789474, "capacity_los": "E", "collisions": 9, "collisions_by_year": {"2022": 1, "2024": 2, "2025": 6}, "combined": 9.177105263157895, "rank_combined_city": 131, "length_mi": 0.4963875610138703, "crashes_per_mi": 18.130994220760737, "crashes_per_mvmt": 1.640216502202658, "geom_source": "clipped"}}, {"type": "Feature", "geometry": {"type": "LineString", "coordinates": [[-97.42186433540948, 35.1894206853138], [-97.4215823249835, 35.1895478008061], [-97.4160925697624, 35.1895939717709], [-97.4146783763801, 35.1896238230862], [-97.4129547441698, 35.1896350099116], [-97.4104378434912, 35.1896597131735]]}, "properties": {"loc_id": "52500-111", "on_road": "E Imhoff Rd", "from_road": "Classen", "to_road": "Oakhurst Ave", "wards": [1], "ward_primary": 1, "shared_boundary": false, "functional_class": "Minor Arterial", "class_source": "acog", "lanes_final": 5, "lanes_source": "verified", "one_way": false, "divided": false, "vpd_max": 3612.0, "volume_year": 2024, "capacity_C": 24000.0, "capacity_E": 36000.0, "v_c_C": 0.1505, "v_c_E": 0.10033333333333333, "v_c": 0.10033333333333333, "capacity_los": "E", "collisions": 10, "collisions_by_year": {"2021": 2, "2023": 1, "2024": 3, "2025": 4}, "combined": 10.100333333333333, "rank_combined_city": 126, "length_mi": 0.6479898817564919, "crashes_per_mi": 15.432339734832311, "crashes_per_mvmt": 2.341106469277797, "geom_source": "clipped"}}, {"type": "Feature", "geometry": {"type": "LineString", "coordinates": [[-97.4104378434912, 35.1896597131735], [-97.40888570818478, 35.1896733822678], [-97.4058475110794, 35.189704243068]]}, "properties": {"loc_id": "52500-112", "on_road": "E Imhoff Rd", "from_road": "Oakhurst Ave", "to_road": "24th Ave.SE", "wards": [1], "ward_primary": 1, "shared_boundary": false, "functional_class": "Minor Arterial", "class_source": "acog", "lanes_final": 5, "lanes_source": "verified", "one_way": false, "divided": false, "vpd_max": 3557.0, "volume_year": 2024, "capacity_C": 24000.0, "capacity_E": 36000.0, "v_c_C": 0.14820833333333333, "v_c_E": 0.09880555555555555, "v_c": 0.09880555555555555, "capacity_los": "E", "collisions": 6, "collisions_by_year": {"2021": 2, "2022": 1, "2024": 3}, "combined": 6.098805555555556, "rank_combined_city": 154, "length_mi": 0.2594124893387783, "crashes_per_mi": 23.12918709231587, "crashes_per_mvmt": 3.5629820561910917, "geom_source": "clipped"}}, {"type": "Feature", "geometry": {"type": "LineString", "coordinates": [[-97.45915420571248, 35.1893947840527], [-97.4600955261417, 35.189384838767], [-97.4601122612883, 35.1893847409879], [-97.46012899424471, 35.1893846422956], [-97.46014572938532, 35.1893845454133], [-97.4601624623358, 35.1893844476177], [-97.4601791974881, 35.1893843489282], [-97.4601959326403, 35.1893842502363], [-97.4602126655965, 35.1893841515326], [-97.46023023629151, 35.1893840574055], [-97.46030804104781, 35.1893850866832], [-97.46402119171178, 35.1893850154149], [-97.46468383041208, 35.1893860128127]]}, "properties": {"loc_id": "52500-113", "on_road": "Imhoff Rd", "from_road": "Sh 9", "to_road": "Berry", "wards": [2, 4], "ward_primary": 4, "shared_boundary": true, "functional_class": "Minor Arterial", "class_source": "city", "lanes_final": 2, "lanes_source": "verified", "one_way": false, "divided": false, "vpd_max": 5930.0, "volume_year": 2025, "capacity_C": 10000.0, "capacity_E": 17100.0, "v_c_C": 0.593, "v_c_E": 0.34678362573099414, "v_c": 0.34678362573099414, "capacity_los": "E", "collisions": 20, "collisions_by_year": {"2021": 4, "2022": 5, "2023": 3, "2024": 2, "2025": 6}, "combined": 20.346783625730993, "rank_combined_city": 86, "length_mi": 0.31247789717486424, "crashes_per_mi": 64.00452697877667, "crashes_per_mvmt": 5.914160824114824, "geom_source": "clipped"}}, {"type": "Feature", "geometry": {"type": "LineString", "coordinates": [[-97.4766838206274, 35.2908557083733], [-97.4774029295665, 35.2908708535716], [-97.4786339827718, 35.2909281002706], [-97.47989937590981, 35.2909868524701], [-97.4802329550323, 35.2908256556576], [-97.48080013289892, 35.2908163738194], [-97.48304104880292, 35.2908039968736], [-97.4840930429641, 35.2908284997458], [-97.48481644926999, 35.2910216083795], [-97.485537900735, 35.2912600321025], [-97.48590101121549, 35.2913108729933], [-97.48628652667368, 35.2913050560733], [-97.4870041400639, 35.2911519342864], [-97.48739280121987, 35.291069000301704]]}, "properties": {"loc_id": "52500-114", "on_road": "W Indian Hills Rd.", "from_road": "I-35", "to_road": "24th Ave.NW", "wards": [8], "ward_primary": 8, "shared_boundary": false, "functional_class": "Principal Arterial", "class_source": "override", "lanes_final": 2, "lanes_source": "verified", "one_way": false, "divided": false, "vpd_max": 6782.0, "volume_year": 2024, "capacity_C": 10000.0, "capacity_E": 17100.0, "v_c_C": 0.6782, "v_c_E": 0.3966081871345029, "v_c": 0.3966081871345029, "capacity_los": "E", "collisions": 9, "collisions_by_year": {"2021": 1, "2022": 3, "2023": 3, "2024": 1, "2025": 1}, "combined": 9.396608187134502, "rank_combined_city": 129, "length_mi": 0.6160722316657438, "crashes_per_mi": 14.608676608691951, "crashes_per_mvmt": 1.1802940587043018, "geom_source": "clipped"}}, {"type": "Feature", "geometry": {"type": "LineString", "coordinates": [[-97.459138773099, 35.290787746622], [-97.4623891947209, 35.2908025044396]]}, "properties": {"loc_id": "52500-115", "on_road": "W Indian Hills Rd", "from_road": "Spring Mill Rd", "to_road": "12th Ave.NW", "wards": [8], "ward_primary": 8, "shared_boundary": false, "functional_class": "Principal Arterial", "class_source": "override", "lanes_final": 2, "lanes_source": "verified", "one_way": false, "divided": false, "vpd_max": 5134.0, "volume_year": 2024, "capacity_C": 10000.0, "capacity_E": 17100.0, "v_c_C": 0.5134, "v_c_E": 0.30023391812865496, "v_c": 0.30023391812865496, "capacity_los": "E", "collisions": 5, "collisions_by_year": {"2021": 1, "2022": 2, "2024": 2}, "combined": 5.300233918128655, "rank_combined_city": 157, "length_mi": 0.18368036002031282, "crashes_per_mi": 27.22120100073334, "crashes_per_mvmt": 2.9052837116759442, "geom_source": "clipped"}}, {"type": "Feature", "geometry": {"type": "LineString", "coordinates": [[-97.4876065688831, 35.291023385750734], [-97.48799230360399, 35.2909410762198], [-97.4886393820951, 35.2908029950714], [-97.48952658283838, 35.2907898506948], [-97.4943517614445, 35.2907817746655]]}, "properties": {"loc_id": "52500-116", "on_road": "W Indian Hills Rd", "from_road": "36TH AVE NW", "to_road": "I-35", "wards": [3], "ward_primary": 3, "shared_boundary": false, "functional_class": "Principal Arterial", "class_source": "override", "lanes_final": 2, "lanes_source": "verified", "one_way": false, "divided": false, "vpd_max": 8818.0, "volume_year": 2024, "capacity_C": 10000.0, "capacity_E": 17100.0, "v_c_C": 0.8818, "v_c_E": 0.5156725146198831, "v_c": 0.5156725146198831, "capacity_los": "E", "collisions": 28, "collisions_by_year": {"2021": 5, "2022": 7, "2023": 6, "2024": 6, "2025": 4}, "combined": 28.515672514619883, "rank_combined_city": 68, "length_mi": 0.38310411171873865, "crashes_per_mi": 73.08718216148146, "crashes_per_mvmt": 4.541593450599582, "geom_source": "clipped"}}, {"type": "Feature", "geometry": {"type": "LineString", "coordinates": [[-97.4943517614445, 35.2907817746655], [-97.49446398866831, 35.2907856696593], [-97.5070967653099, 35.2907678766785], [-97.51209484595049, 35.2907383067321]]}, "properties": {"loc_id": "52500-117", "on_road": "W Indian Hills Rd", "from_road": "48th Ave.NW", "to_road": "36th Ave.NW", "wards": [3], "ward_primary": 3, "shared_boundary": false, "functional_class": "Principal Arterial", "class_source": "override", "lanes_final": 2, "lanes_source": "verified", "one_way": false, "divided": false, "vpd_max": 5823.0, "volume_year": 2024, "capacity_C": 10000.0, "capacity_E": 17100.0, "v_c_C": 0.5823, "v_c_E": 0.3405263157894737, "v_c": 0.3405263157894737, "capacity_los": "E", "collisions": 5, "collisions_by_year": {"2022": 1, "2023": 1, "2024": 1, "2025": 2}, "combined": 5.340526315789473, "rank_combined_city": 156, "length_mi": 1.002655153732854, "crashes_per_mi": 4.986759387198235, "crashes_per_mvmt": 0.46925483377896676, "geom_source": "clipped"}}, {"type": "Feature", "geometry": {"type": "LineString", "coordinates": [[-97.4943517614445, 35.2907817746655], [-97.49446398866831, 35.2907856696593], [-97.5070967653099, 35.2907678766785], [-97.51209484595049, 35.2907383067321]]}, "properties": {"loc_id": "52500-118", "on_road": "W Indian Hills Rd", "from_road": "48th Ave.NW", "to_road": "36th Ave.NW", "wards": [3], "ward_primary": 3, "shared_boundary": false, "functional_class": "Principal Arterial", "class_source": "override", "lanes_final": 2, "lanes_source": "verified", "one_way": false, "divided": false, "vpd_max": 5823.0, "volume_year": 2024, "capacity_C": 10000.0, "capacity_E": 17100.0, "v_c_C": 0.5823, "v_c_E": 0.3405263157894737, "v_c": 0.3405263157894737, "capacity_los": "E", "collisions": 0, "collisions_by_year": {}, "combined": 0.3405263157894737, "rank_combined_city": 199, "length_mi": 1.002655153732854, "crashes_per_mi": 0.0, "crashes_per_mvmt": 0.0, "geom_source": "clipped"}}, {"type": "Feature", "geometry": {"type": "LineString", "coordinates": [[-97.51209484595049, 35.2907383067321], [-97.5209077458983, 35.2907176092912], [-97.5297107040701, 35.2906888114942]]}, "properties": {"loc_id": "52500-119", "on_road": "W Indian Hills Rd", "from_road": "60th Ave.NW", "to_road": "48th Ave.NW", "wards": [3], "ward_primary": 3, "shared_boundary": false, "functional_class": "Principal Arterial", "class_source": "override", "lanes_final": 2, "lanes_source": "verified", "one_way": false, "divided": false, "vpd_max": 3014.0, "volume_year": 2024, "capacity_C": 10000.0, "capacity_E": 17100.0, "v_c_C": 0.3014, "v_c_E": 0.17625730994152047, "v_c": 0.17625730994152047, "capacity_los": "E", "collisions": 3, "collisions_by_year": {"2022": 2, "2025": 1}, "combined": 3.1762573099415206, "rank_combined_city": 184, "length_mi": 0.9954577054047883, "crashes_per_mi": 3.013689063544989, "crashes_per_mvmt": 0.5478886772313658, "geom_source": "clipped"}}, {"type": "Feature", "geometry": {"type": "LineString", "coordinates": [[-97.511932260396, 35.2280333195274], [-97.51195978910398, 35.2314588606063], [-97.51194897980722, 35.2328668351975]]}, "properties": {"loc_id": "52500-12", "on_road": "48th Ave NW", "from_road": "Robinson St.", "to_road": "Harrogate Dr.", "wards": [3], "ward_primary": 3, "shared_boundary": false, "functional_class": "Minor Arterial", "class_source": "acog", "lanes_final": 4, "lanes_source": "verified", "one_way": false, "divided": false, "vpd_max": 6060.0, "volume_year": 2024, "capacity_C": 22000.0, "capacity_E": 34200.0, "v_c_C": 0.27545454545454545, "v_c_E": 0.17719298245614035, "v_c": 0.17719298245614035, "capacity_los": "E", "collisions": 6, "collisions_by_year": {"2021": 1, "2022": 1, "2023": 2, "2025": 2}, "combined": 6.17719298245614, "rank_combined_city": 152, "length_mi": 0.3321058385091635, "crashes_per_mi": 18.066529715148167, "crashes_per_mvmt": 1.6335756331794535, "geom_source": "clipped"}}, {"type": "Feature", "geometry": {"type": "LineString", "coordinates": [[-97.44715002637314, 35.29078276352205], [-97.45422999999042, 35.290794004083004]]}, "properties": {"loc_id": "52500-120", "on_road": "W Indian Hills Rd", "from_road": "Broadway", "to_road": "0.4 Miles E", "wards": [6], "ward_primary": 6, "shared_boundary": false, "functional_class": "Minor Arterial", "class_source": "acog", "lanes_final": 2, "lanes_source": "verified", "one_way": false, "divided": false, "vpd_max": 4058.0, "volume_year": 2024, "capacity_C": 10000.0, "capacity_E": 17100.0, "v_c_C": 0.4058, "v_c_E": 0.23730994152046783, "v_c": 0.23730994152046783, "capacity_los": "E", "collisions": 3, "collisions_by_year": {"2022": 1, "2023": 1, "2025": 1}, "combined": 3.237309941520468, "rank_combined_city": 182, "length_mi": 0.40008185464894264, "crashes_per_mi": 7.498465539339172, "crashes_per_mvmt": 1.0125057271399194, "geom_source": "override"}}, {"type": "Feature", "geometry": {"type": "LineString", "coordinates": [[-97.44124925496888, 35.2142337168899], [-97.4412577079277, 35.2111190865818]]}, "properties": {"loc_id": "52500-123", "on_road": "Jenkins Ave", "from_road": "Duffy", "to_road": "Boyd", "wards": [4], "ward_primary": 4, "shared_boundary": false, "functional_class": "Collector", "class_source": "acog", "lanes_final": 2, "lanes_source": "verified", "one_way": false, "divided": false, "vpd_max": 5565.0, "volume_year": 2025, "capacity_C": 10000.0, "capacity_E": 17100.0, "v_c_C": 0.5565, "v_c_E": 0.3254385964912281, "v_c": 0.3254385964912281, "capacity_los": "E", "collisions": 16, "collisions_by_year": {"2021": 3, "2022": 3, "2023": 3, "2024": 3, "2025": 4}, "combined": 16.325438596491228, "rank_combined_city": 95, "length_mi": 0.21399898942034043, "crashes_per_mi": 74.76670821361931, "crashes_per_mvmt": 7.3617357223960225, "geom_source": "clipped"}}, {"type": "Feature", "geometry": {"type": "LineString", "coordinates": [[-97.441357361422, 35.1895156022302], [-97.441359257554, 35.1892343443797], [-97.4413536823526, 35.187207081627], [-97.4413558994667, 35.185264675212], [-97.441379426227, 35.1830156864688], [-97.4413786974754, 35.1823789717586], [-97.4413339112677, 35.1805836798733]]}, "properties": {"loc_id": "52500-124", "on_road": "Jenkins Ave", "from_road": "Imhoff", "to_road": "Sh 9", "wards": [7], "ward_primary": 7, "shared_boundary": false, "functional_class": "Minor Arterial", "class_source": "override", "lanes_final": 4, "lanes_source": "verified", "one_way": false, "divided": true, "vpd_max": 7402.0, "volume_year": 2025, "capacity_C": 26000.0, "capacity_E": 38000.0, "v_c_C": 0.2846923076923077, "v_c_E": 0.19478947368421054, "v_c": 0.19478947368421054, "capacity_los": "E", "collisions": 33, "collisions_by_year": {"2021": 3, "2022": 10, "2023": 5, "2024": 6, "2025": 9}, "combined": 33.19478947368421, "rank_combined_city": 60, "length_mi": 0.6137224500934643, "crashes_per_mi": 53.77023440314821, "crashes_per_mvmt": 3.9804299025548975, "geom_source": "clipped"}}, {"type": "Feature", "geometry": {"type": "LineString", "coordinates": [[-97.4412923579252, 35.2038719886857], [-97.4412976722896, 35.2028359035118], [-97.44129799043202, 35.2025402169479], [-97.4412980227117, 35.2021634812387], [-97.4412930669566, 35.2014091296559], [-97.4412910283722, 35.2012149133036], [-97.4412904571514, 35.2010514413231], [-97.4412887045283, 35.2004427154204], [-97.4412908998788, 35.1997448876404], [-97.4412931399584, 35.1991645115702], [-97.4412954464004, 35.1988224715035], [-97.4412975570131, 35.1981375208685], [-97.44130078505479, 35.1972863590562], [-97.44130437741822, 35.1968775291683]]}, "properties": {"loc_id": "52500-125", "on_road": "Jenkins Ave", "from_road": "Lindsey", "to_road": "Timberdell Rd", "wards": [7], "ward_primary": 7, "shared_boundary": false, "functional_class": "Minor Arterial", "class_source": "override", "lanes_final": 2, "lanes_source": "verified", "one_way": false, "divided": false, "vpd_max": 11644.0, "volume_year": 2025, "capacity_C": 10000.0, "capacity_E": 17100.0, "v_c_C": 1.1644, "v_c_E": 0.6809356725146198, "v_c": 0.6809356725146198, "capacity_los": "E", "collisions": 44, "collisions_by_year": {"2021": 5, "2022": 7, "2023": 7, "2024": 14, "2025": 11}, "combined": 44.68093567251462, "rank_combined_city": 38, "length_mi": 0.4805757656282539, "crashes_per_mi": 91.55684315974415, "crashes_per_mvmt": 4.308496499331499, "geom_source": "clipped"}}, {"type": "Feature", "geometry": {"type": "LineString", "coordinates": [[-97.42360478519528, 35.2038305403237], [-97.42197877645502, 35.2038402510447], [-97.4200314805017, 35.2038425882191], [-97.4185619954705, 35.2038468102103], [-97.4175678496809, 35.203847258211], [-97.4161159624492, 35.2038479297259]]}, "properties": {"loc_id": "52500-127", "on_road": "E Lindsey St", "from_road": "12th Ave.SE", "to_road": "Creekside Dr.", "wards": [1], "ward_primary": 1, "shared_boundary": false, "functional_class": "Minor Arterial", "class_source": "acog", "lanes_final": 4, "lanes_source": "verified", "one_way": false, "divided": true, "vpd_max": 11301.0, "volume_year": 2023, "capacity_C": 26000.0, "capacity_E": 38000.0, "v_c_C": 0.43465384615384617, "v_c_E": 0.29739473684210527, "v_c": 0.29739473684210527, "capacity_los": "E", "collisions": 66, "collisions_by_year": {"2021": 9, "2022": 13, "2023": 18, "2024": 14, "2025": 12}, "combined": 66.29739473684211, "rank_combined_city": 16, "length_mi": 0.4231877675649085, "crashes_per_mi": 155.95913931958566, "crashes_per_mvmt": 7.561902720190148, "geom_source": "clipped"}}, {"type": "Feature", "geometry": {"type": "LineString", "coordinates": [[-97.4120421885095, 35.2038662964547], [-97.4099483543965, 35.2038815102351], [-97.40597951457939, 35.2038533018261]]}, "properties": {"loc_id": "52500-128", "on_road": "E Lindsey St", "from_road": "Brandywine Ln", "to_road": "24th Ave.SE", "wards": [1], "ward_primary": 1, "shared_boundary": false, "functional_class": "Minor Arterial", "class_source": "acog", "lanes_final": 5, "lanes_source": "verified", "one_way": false, "divided": false, "vpd_max": 7381.0, "volume_year": 2023, "capacity_C": 24000.0, "capacity_E": 36000.0, "v_c_C": 0.30754166666666666, "v_c_E": 0.20502777777777778, "v_c": 0.20502777777777778, "capacity_los": "E", "collisions": 12, "collisions_by_year": {"2021": 3, "2022": 2, "2023": 2, "2024": 3, "2025": 2}, "combined": 12.205027777777778, "rank_combined_city": 116, "length_mi": 0.34260767366622974, "crashes_per_mi": 35.02548519006748, "crashes_per_mvmt": 2.600196000472704, "geom_source": "clipped"}}, {"type": "Feature", "geometry": {"type": "LineString", "coordinates": [[-97.40597951457939, 35.2038533018261], [-97.4044231197117, 35.2038302381606], [-97.40345091223412, 35.2038158218401], [-97.4016334849466, 35.2037954873178], [-97.4006929749541, 35.2037848981452]]}, "properties": {"loc_id": "52500-129", "on_road": "E Lindsey St", "from_road": "24TH AVE SE", "to_road": "Clearwater Dr", "wards": [1, 5], "ward_primary": 5, "shared_boundary": true, "functional_class": "Minor Arterial", "class_source": "acog", "lanes_final": 2, "lanes_source": "verified", "one_way": false, "divided": false, "vpd_max": 4930.0, "volume_year": 2023, "capacity_C": 10000.0, "capacity_E": 17100.0, "v_c_C": 0.493, "v_c_E": 0.28830409356725145, "v_c": 0.28830409356725145, "capacity_los": "E", "collisions": 5, "collisions_by_year": {"2023": 1, "2024": 4}, "combined": 5.288304093567252, "rank_combined_city": 158, "length_mi": 0.29877391701091144, "crashes_per_mi": 16.735061915787636, "crashes_per_mvmt": 1.8600196633179735, "geom_source": "clipped"}}, {"type": "Feature", "geometry": {"type": "LineString", "coordinates": [[-97.5118568488144, 35.2183884176678], [-97.5118671843501, 35.2191908619093], [-97.51186680140879, 35.2196821225709], [-97.51186782478021, 35.2207867358935], [-97.51187454350571, 35.2214928355147], [-97.5119242479902, 35.2232849978909], [-97.51192726327082, 35.2240515221237], [-97.51193304020669, 35.225628012781], [-97.511932873046, 35.2260825282524], [-97.511932260396, 35.2280333195274]]}, "properties": {"loc_id": "52500-13", "on_road": "48th Ave NW", "from_road": "Harrogate Dr.", "to_road": "Main(Nrm)", "wards": [3], "ward_primary": 3, "shared_boundary": false, "functional_class": "Minor Arterial", "class_source": "city", "lanes_final": 4, "lanes_source": "verified", "one_way": false, "divided": true, "vpd_max": 5739.0, "volume_year": 2023, "capacity_C": 26000.0, "capacity_E": 38000.0, "v_c_C": 0.22073076923076923, "v_c_E": 0.15102631578947368, "v_c": 0.15102631578947368, "capacity_los": "E", "collisions": 5, "collisions_by_year": {"2021": 2, "2022": 1, "2024": 1, "2025": 1}, "combined": 5.151026315789474, "rank_combined_city": 165, "length_mi": 0.6627144886188967, "crashes_per_mi": 7.54472715757286, "crashes_per_mvmt": 0.7203514676150311, "geom_source": "clipped"}}, {"type": "Feature", "geometry": {"type": "LineString", "coordinates": [[-97.46781925513768, 35.2039121990797], [-97.4634124916742, 35.2039241288112]]}, "properties": {"loc_id": "52500-131", "on_road": "W Lindsey St", "from_road": "Mcgee Dr", "to_road": "Wylie Rd", "wards": [2], "ward_primary": 2, "shared_boundary": false, "functional_class": "Principal Arterial", "class_source": "override", "lanes_final": 5, "lanes_source": "verified", "one_way": false, "divided": false, "vpd_max": 22970.0, "volume_year": 2025, "capacity_C": 24000.0, "capacity_E": 36000.0, "v_c_C": 0.9570833333333333, "v_c_E": 0.6380555555555556, "v_c": 0.6380555555555556, "capacity_los": "E", "collisions": 59, "collisions_by_year": {"2021": 14, "2022": 9, "2023": 11, "2024": 10, "2025": 15}, "combined": 59.63805555555555, "rank_combined_city": 24, "length_mi": 0.2490224484618675, "crashes_per_mi": 236.92643118893193, "crashes_per_mvmt": 5.651837266927845, "geom_source": "clipped"}}, {"type": "Feature", "geometry": {"type": "LineString", "coordinates": [[-97.4634124916742, 35.2039241288112], [-97.4589756988352, 35.2039206615572]]}, "properties": {"loc_id": "52500-132", "on_road": "W Lindsey St", "from_road": "Wylie Rd", "to_road": "Berry", "wards": [2], "ward_primary": 2, "shared_boundary": false, "functional_class": "Principal Arterial", "class_source": "override", "lanes_final": 5, "lanes_source": "verified", "one_way": false, "divided": false, "vpd_max": 22435.0, "volume_year": 2025, "capacity_C": 24000.0, "capacity_E": 36000.0, "v_c_C": 0.9347916666666667, "v_c_E": 0.6231944444444445, "v_c": 0.6231944444444445, "capacity_los": "E", "collisions": 59, "collisions_by_year": {"2021": 17, "2022": 9, "2023": 11, "2024": 17, "2025": 5}, "combined": 59.623194444444444, "rank_combined_city": 25, "length_mi": 0.25071813790067893, "crashes_per_mi": 235.3240196103109, "crashes_per_mvmt": 5.747477971010582, "geom_source": "clipped"}}, {"type": "Feature", "geometry": {"type": "LineString", "coordinates": [[-97.4743856156246, 35.2039366611745], [-97.47656638082282, 35.2039339416896], [-97.47664588171058, 35.2039335940958], [-97.4777514505259, 35.203927684847], [-97.47911541531231, 35.2039203816023], [-97.47943315123291, 35.203921013982], [-97.4798440493732, 35.2039218304957], [-97.4803710757823, 35.2039228758722], [-97.4819471715865, 35.2039259891754], [-97.48293631845091, 35.2039217385748], [-97.48333379691, 35.2039234091072], [-97.4837103940179, 35.2039186369364], [-97.48690533542938, 35.20392386726873]]}, "properties": {"loc_id": "52500-133", "on_road": "W Lindsey St", "from_road": "24th Ave.SW", "to_road": "I-35 NB Ramp", "wards": [2], "ward_primary": 2, "shared_boundary": false, "functional_class": "Principal Arterial", "class_source": "override", "lanes_final": 4, "lanes_source": "verified", "one_way": false, "divided": false, "vpd_max": 25354.0, "volume_year": 2025, "capacity_C": 22000.0, "capacity_E": 34200.0, "v_c_C": 1.1524545454545454, "v_c_E": 0.7413450292397661, "v_c": 0.7413450292397661, "capacity_los": "E", "collisions": 109, "collisions_by_year": {"2021": 22, "2022": 24, "2023": 24, "2024": 22, "2025": 17}, "combined": 109.74134502923977, "rank_combined_city": 6, "length_mi": 0.7074824272998358, "crashes_per_mi": 154.06743092688163, "crashes_per_mvmt": 3.329672244889226, "geom_source": "fallback_window"}}, {"type": "Feature", "geometry": {"type": "LineString", "coordinates": [[-97.3883039498463, 35.2037706053152], [-97.3779665738283, 35.2037870945115], [-97.37059030700752, 35.2037450985779]]}, "properties": {"loc_id": "52500-134", "on_road": "E Lindsey St", "from_road": "36th Ave.SE", "to_road": "48th Ave SE", "wards": [5], "ward_primary": 5, "shared_boundary": false, "functional_class": "Minor Arterial", "class_source": "acog", "lanes_final": 2, "lanes_source": "verified", "one_way": false, "divided": false, "vpd_max": 3283.0, "volume_year": 2023, "capacity_C": 10000.0, "capacity_E": 17100.0, "v_c_C": 0.3283, "v_c_E": 0.19198830409356726, "v_c": 0.19198830409356726, "capacity_los": "E", "collisions": 7, "collisions_by_year": {"2021": 1, "2022": 2, "2023": 2, "2025": 2}, "combined": 7.1919883040935675, "rank_combined_city": 144, "length_mi": 1.0009885268292598, "crashes_per_mi": 6.993087145737087, "crashes_per_mvmt": 1.1671728824266292, "geom_source": "clipped"}}, {"type": "Feature", "geometry": {"type": "LineString", "coordinates": [[-97.3883039498463, 35.2037706053152], [-97.3779665738283, 35.2037870945115], [-97.37059030700752, 35.2037450985779]]}, "properties": {"loc_id": "52500-135", "on_road": "(E Lindsey St)12th Ave NW", "from_road": "(36th Ave.SE)Tecumseh Rd", "to_road": "(48th Ave.SE)Franklin Rd", "wards": [5], "ward_primary": 5, "shared_boundary": false, "functional_class": "Minor Arterial", "class_source": "acog", "lanes_final": 2, "lanes_source": "verified", "one_way": false, "divided": false, "vpd_max": 2601.0, "volume_year": 2023, "capacity_C": 10000.0, "capacity_E": 17100.0, "v_c_C": 0.2601, "v_c_E": 0.15210526315789474, "v_c": 0.15210526315789474, "capacity_los": "E", "collisions": 2, "collisions_by_year": {"2023": 1, "2024": 1}, "combined": 2.1521052631578947, "rank_combined_city": 193, "length_mi": 1.0009885268292598, "crashes_per_mi": 1.998024898782025, "crashes_per_mvmt": 0.4209181713633902, "geom_source": "clipped"}}, {"type": "Feature", "geometry": {"type": "LineString", "coordinates": [[-97.4589756988352, 35.2039206615572], [-97.45889455794931, 35.203915838275], [-97.4586058653823, 35.203914395545], [-97.45673476208148, 35.2039106104743], [-97.454540643251, 35.203907595569]]}, "properties": {"loc_id": "52500-136", "on_road": "W Lindsey St", "from_road": "Berry", "to_road": "Pickard Ave", "wards": [4], "ward_primary": 4, "shared_boundary": false, "functional_class": "Minor Arterial", "class_source": "acog", "lanes_final": 5, "lanes_source": "verified", "one_way": false, "divided": false, "vpd_max": 18075.0, "volume_year": 2023, "capacity_C": 24000.0, "capacity_E": 36000.0, "v_c_C": 0.753125, "v_c_E": 0.5020833333333333, "v_c": 0.5020833333333333, "capacity_los": "E", "collisions": 46, "collisions_by_year": {"2021": 8, "2022": 15, "2023": 4, "2024": 10, "2025": 9}, "combined": 46.50208333333333, "rank_combined_city": 36, "length_mi": 0.25063260876986926, "crashes_per_mi": 183.53557514232787, "crashes_per_mvmt": 5.563897008805103, "geom_source": "clipped"}}, {"type": "Feature", "geometry": {"type": "LineString", "coordinates": [[-97.5119347577908, 35.240535992591], [-97.5119560173698, 35.2421844805828], [-97.5118936420696, 35.2473698330696]]}, "properties": {"loc_id": "52500-14", "on_road": "48th Ave NW", "from_road": "Rock Creek Rd.", "to_road": "Saddleback Bl", "wards": [3], "ward_primary": 3, "shared_boundary": false, "functional_class": "Minor Arterial", "class_source": "acog", "lanes_final": 2, "lanes_source": "verified", "one_way": false, "divided": false, "vpd_max": 4139.0, "volume_year": 2024, "capacity_C": 10000.0, "capacity_E": 17100.0, "v_c_C": 0.4139, "v_c_E": 0.24204678362573098, "v_c": 0.24204678362573098, "capacity_los": "E", "collisions": 3, "collisions_by_year": {"2021": 1, "2022": 1, "2023": 1}, "combined": 3.242046783625731, "rank_combined_city": 180, "length_mi": 0.4695598890154787, "crashes_per_mi": 6.388961387417628, "crashes_per_mvmt": 0.8458083498982453, "geom_source": "clipped"}}, {"type": "Feature", "geometry": {"type": "LineString", "coordinates": [[-97.46726132919962, 35.2184516461269], [-97.46773925204052, 35.2184490794141], [-97.4678162538815, 35.2184488970136], [-97.46830417808792, 35.2184530685273], [-97.46886412878109, 35.2184499938931], [-97.47035139866918, 35.2184526285399], [-97.471489647917, 35.2184563230512], [-97.4728706057615, 35.2184620767599], [-97.4735729323074, 35.2184441368452], [-97.4744504055521, 35.2184379957408], [-97.4766648197647, 35.2184224721511]]}, "properties": {"loc_id": "52500-144", "on_road": "W Main St", "from_road": "24th Ave.W", "to_road": "Sherry Ave", "wards": [2], "ward_primary": 2, "shared_boundary": false, "functional_class": "Principal Arterial", "class_source": "override", "lanes_final": 5, "lanes_source": "verified", "one_way": false, "divided": false, "vpd_max": 25937.0, "volume_year": 2024, "capacity_C": 24000.0, "capacity_E": 36000.0, "v_c_C": 1.0807083333333334, "v_c_E": 0.7204722222222222, "v_c": 0.7204722222222222, "capacity_los": "E", "collisions": 94, "collisions_by_year": {"2021": 23, "2022": 20, "2023": 21, "2024": 22, "2025": 8}, "combined": 94.72047222222223, "rank_combined_city": 8, "length_mi": 0.5314103237060209, "crashes_per_mi": 176.8877942461677, "crashes_per_mvmt": 3.736932519760319, "geom_source": "clipped"}}, {"type": "Feature", "geometry": {"type": "LineString", "coordinates": [[-97.4589720565774, 35.2184462015612], [-97.4601253891915, 35.2184469767955], [-97.462822903318, 35.2184512326215], [-97.4633368024887, 35.2184508988449], [-97.46623857243598, 35.2184494457772], [-97.46726132919962, 35.2184516461269]]}, "properties": {"loc_id": "52500-145", "on_road": "W Main St", "from_road": "Sherry Ave", "to_road": "Berry", "wards": [2], "ward_primary": 2, "shared_boundary": false, "functional_class": "Principal Arterial", "class_source": "city", "lanes_final": 5, "lanes_source": "verified", "one_way": false, "divided": false, "vpd_max": 25355.0, "volume_year": 2022, "capacity_C": 24000.0, "capacity_E": 36000.0, "v_c_C": 1.0564583333333333, "v_c_E": 0.7043055555555555, "v_c": 0.7043055555555555, "capacity_los": "E", "collisions": 49, "collisions_by_year": {"2021": 9, "2022": 12, "2023": 9, "2024": 8, "2025": 11}, "combined": 49.70430555555556, "rank_combined_city": 32, "length_mi": 0.46841773480293014, "crashes_per_mi": 104.60748250835333, "crashes_per_mvmt": 2.260665292752035, "geom_source": "clipped"}}, {"type": "Feature", "geometry": {"type": "LineString", "coordinates": [[-97.50344210895791, 35.2183736244207], [-97.5043937225992, 35.2183757452785], [-97.5049611760982, 35.2183769992127], [-97.50648615945751, 35.2183712797084], [-97.5075616342823, 35.218374731053], [-97.5118568488144, 35.2183884176678]]}, "properties": {"loc_id": "52500-146", "on_road": "W Main St", "from_road": "48 th W", "to_road": "Willoway Dr", "wards": [3], "ward_primary": 3, "shared_boundary": false, "functional_class": "Minor Arterial", "class_source": "city", "lanes_final": 4, "lanes_source": "verified", "one_way": false, "divided": false, "vpd_max": 7027.0, "volume_year": 2024, "capacity_C": 22000.0, "capacity_E": 34200.0, "v_c_C": 0.3194090909090909, "v_c_E": 0.20546783625730994, "v_c": 0.20546783625730994, "capacity_los": "E", "collisions": 11, "collisions_by_year": {"2021": 2, "2022": 1, "2023": 2, "2024": 2, "2025": 4}, "combined": 11.20546783625731, "rank_combined_city": 120, "length_mi": 0.4755106969728366, "crashes_per_mi": 23.133023231711594, "crashes_per_mvmt": 1.8038464733259068, "geom_source": "clipped"}}, {"type": "Feature", "geometry": {"type": "LineString", "coordinates": [[-97.49429323362982, 35.2183784189031], [-97.4970770478535, 35.2183661357643], [-97.4971440041681, 35.2183662382524], [-97.49721095944338, 35.2183665119592], [-97.4972779147191, 35.2183667856296], [-97.49734487322571, 35.2183668889188], [-97.49741182850208, 35.2183671625162], [-97.497478783779, 35.2183674360772], [-97.49754574010069, 35.2183675374454], [-97.49761269428, 35.218367810929], [-97.49767964851411, 35.2183682565371], [-97.49774660379272, 35.2183685299523], [-97.4978135590719, 35.2183688033311], [-97.4978805143515, 35.2183690766734], [-97.49794747287162, 35.2183691778319], [-97.4980144281519, 35.2183694511013], [-97.4980813834326, 35.2183697243343], [-97.4981483376708, 35.2183701696873], [-97.4982152929526, 35.2183704428474], [-97.4982822471365, 35.2183707159665], [-97.4983492034617, 35.2183708168973], [-97.4984161577022, 35.2183712621045], [-97.4984831151824, 35.2183715351278], [-97.4985500704664, 35.2183718081056], [-97.49861702471969, 35.2183722514008], [-97.4986839800047, 35.2183725243058], [-97.4987509352901, 35.2183727971743], [-97.498817890576, 35.2183730700064], [-97.498884843728, 35.2183735140526], [-97.4989517990149, 35.2183737868118], [-97.4990187543022, 35.2183740595345], [-97.49908571074559, 35.2183745043862], [-97.4991526670749, 35.2183746048796], [-97.49921962132278, 35.2183750496495], [-97.4992422176345, 35.2183751416438], [-97.5000088651141, 35.2183768866872], [-97.500422324473, 35.2183770217181]]}, "properties": {"loc_id": "52500-148", "on_road": "W Main St", "from_road": "Willow Branch", "to_road": "36 th W", "wards": [3], "ward_primary": 3, "shared_boundary": false, "functional_class": "Minor Arterial", "class_source": "acog", "lanes_final": 5, "lanes_source": "verified", "one_way": false, "divided": false, "vpd_max": 12294.0, "volume_year": 2024, "capacity_C": 24000.0, "capacity_E": 36000.0, "v_c_C": 0.51225, "v_c_E": 0.3415, "v_c": 0.3415, "capacity_los": "E", "collisions": 25, "collisions_by_year": {"2021": 5, "2022": 5, "2023": 6, "2024": 5, "2025": 4}, "combined": 25.3415, "rank_combined_city": 75, "length_mi": 0.3463520592884255, "crashes_per_mi": 72.18089030959446, "crashes_per_mvmt": 3.217111824660853, "geom_source": "clipped"}}, {"type": "Feature", "geometry": {"type": "LineString", "coordinates": [[-97.4545950747531, 35.2183930449788], [-97.4589720565774, 35.2184462015612]]}, "properties": {"loc_id": "52500-149", "on_road": "W Main St", "from_road": "Berry", "to_road": "Pickard", "wards": [4], "ward_primary": 4, "shared_boundary": false, "functional_class": "Principal Arterial", "class_source": "override", "lanes_final": 5, "lanes_source": "verified", "one_way": false, "divided": false, "vpd_max": 22859.0, "volume_year": 2024, "capacity_C": 24000.0, "capacity_E": 36000.0, "v_c_C": 0.9524583333333333, "v_c_E": 0.6349722222222223, "v_c": 0.6349722222222223, "capacity_los": "E", "collisions": 43, "collisions_by_year": {"2021": 9, "2022": 8, "2023": 4, "2024": 9, "2025": 13}, "combined": 43.634972222222224, "rank_combined_city": 40, "length_mi": 0.24736513713367356, "crashes_per_mi": 173.83209492760187, "crashes_per_mvmt": 4.166869196991488, "geom_source": "clipped"}}, {"type": "Feature", "geometry": {"type": "LineString", "coordinates": [[-97.5118936420696, 35.2473698330696], [-97.5118518572485, 35.250906856361], [-97.5118572011494, 35.2512786263429], [-97.5118527995274, 35.2518727818303], [-97.5118326209561, 35.2545962722914], [-97.51184010891, 35.2550880653015], [-97.511868945309, 35.2569819575532], [-97.511905670608, 35.2593939328727], [-97.5119430859927, 35.2618510186033]]}, "properties": {"loc_id": "52500-15", "on_road": "48th Ave NW", "from_road": "Tecumseh ", "to_road": "Rockcreek", "wards": [3, 8], "ward_primary": 3, "shared_boundary": true, "functional_class": "Minor Arterial", "class_source": "city", "lanes_final": 2, "lanes_source": "verified", "one_way": false, "divided": false, "vpd_max": 4409.0, "volume_year": 2026, "capacity_C": 10000.0, "capacity_E": 17100.0, "v_c_C": 0.4409, "v_c_E": 0.25783625730994153, "v_c": 0.25783625730994153, "capacity_los": "E", "collisions": 3, "collisions_by_year": {"2022": 1, "2023": 2}, "combined": 3.2578362573099415, "rank_combined_city": 179, "length_mi": 0.9950226015380115, "crashes_per_mi": 3.0150068906604583, "crashes_per_mvmt": 0.3747014221421884, "geom_source": "clipped"}}, {"type": "Feature", "geometry": {"type": "LineString", "coordinates": [[-97.453007304587, 35.2184002459072], [-97.453656788817, 35.2184002138294], [-97.45422255075721, 35.2184044425931], [-97.4545950747531, 35.2183930449788]]}, "properties": {"loc_id": "52500-150", "on_road": "W Main St", "from_road": "Pickard Ave", "to_road": "Flood", "wards": [4], "ward_primary": 4, "shared_boundary": false, "functional_class": "Principal Arterial", "class_source": "city", "lanes_final": 5, "lanes_source": "verified", "one_way": false, "divided": false, "vpd_max": 22720.0, "volume_year": 2024, "capacity_C": 24000.0, "capacity_E": 36000.0, "v_c_C": 0.9466666666666667, "v_c_E": 0.6311111111111111, "v_c": 0.6311111111111111, "capacity_los": "E", "collisions": 15, "collisions_by_year": {"2021": 4, "2022": 6, "2024": 4, "2025": 1}, "combined": 15.63111111111111, "rank_combined_city": 96, "length_mi": 0.08973893425015184, "crashes_per_mi": 167.1515282116761, "crashes_per_mvmt": 4.0312446510629965, "geom_source": "clipped"}}, {"type": "Feature", "geometry": {"type": "LineString", "coordinates": [[-97.4235529624317, 35.2257286177721], [-97.4241998089557, 35.225728668212], [-97.4258531925487, 35.2256295825949], [-97.4291491792517, 35.2256243987846], [-97.4306132028211, 35.225618306154], [-97.4320337310386, 35.2256077002789], [-97.4324718969099, 35.2256390079238]]}, "properties": {"loc_id": "52500-151", "on_road": "E Main St", "from_road": "Carter", "to_road": "12 th E", "wards": [4], "ward_primary": 4, "shared_boundary": false, "functional_class": "Minor Arterial", "class_source": "city", "lanes_final": 4, "lanes_source": "verified", "one_way": false, "divided": false, "vpd_max": 6907.0, "volume_year": 2018, "capacity_C": 22000.0, "capacity_E": 34200.0, "v_c_C": 0.31395454545454543, "v_c_E": 0.2019590643274854, "v_c": 0.2019590643274854, "capacity_los": "E", "collisions": 28, "collisions_by_year": {"2021": 4, "2022": 3, "2023": 9, "2024": 7, "2025": 5}, "combined": 28.201959064327486, "rank_combined_city": 71, "length_mi": 0.5043443319969791, "crashes_per_mi": 55.51762600192701, "crashes_per_mvmt": 4.404316923028416, "geom_source": "clipped"}}, {"type": "Feature", "geometry": {"type": "LineString", "coordinates": [[-97.49004546077391, 35.2184077587516], [-97.4916065900641, 35.2183766161615], [-97.4930863700235, 35.2183722487185], [-97.49429323362982, 35.2183784189031]]}, "properties": {"loc_id": "52500-152", "on_road": "W Main St", "from_road": "Ed Noble", "to_road": "36th Ave.W", "wards": [3], "ward_primary": 3, "shared_boundary": false, "functional_class": "Principal Arterial", "class_source": "override", "lanes_final": 6, "lanes_source": "verified", "one_way": false, "divided": true, "vpd_max": 19420.0, "volume_year": 2024, "capacity_C": 40000.0, "capacity_E": 58000.0, "v_c_C": 0.4855, "v_c_E": 0.33482758620689657, "v_c": 0.33482758620689657, "capacity_los": "E", "collisions": 44, "collisions_by_year": {"2021": 8, "2022": 9, "2023": 10, "2024": 12, "2025": 5}, "combined": 44.3348275862069, "rank_combined_city": 39, "length_mi": 0.24006452634122977, "crashes_per_mi": 183.2840556270193, "crashes_per_mvmt": 5.171453116460063, "geom_source": "clipped"}}, {"type": "Feature", "geometry": {"type": "LineString", "coordinates": [[-97.48557386527654, 35.21840715220003], [-97.48760557832101, 35.218405021087], [-97.48895109539448, 35.2184082337666], [-97.4896428910703, 35.2184062612452], [-97.4896462377361, 35.218406275131], [-97.49004546077391, 35.2184077587516]]}, "properties": {"loc_id": "52500-153", "on_road": "W Main St", "from_road": "Ed Noble Prkwy", "to_road": "I-35", "wards": [3], "ward_primary": 3, "shared_boundary": false, "functional_class": "Principal Arterial", "class_source": "city", "lanes_final": 6, "lanes_source": "verified", "one_way": false, "divided": true, "vpd_max": 28681.0, "volume_year": 2024, "capacity_C": 40000.0, "capacity_E": 58000.0, "v_c_C": 0.717025, "v_c_E": 0.4945, "v_c": 0.4945, "capacity_los": "E", "collisions": 45, "collisions_by_year": {"2021": 12, "2022": 8, "2023": 9, "2024": 10, "2025": 6}, "combined": 45.4945, "rank_combined_city": 37, "length_mi": 0.25268556404883297, "crashes_per_mi": 178.08694441801782, "crashes_per_mvmt": 3.4023181671607876, "geom_source": "clipped"}}, {"type": "Feature", "geometry": {"type": "LineString", "coordinates": [[-97.44808829357771, 35.2189270609108], [-97.44944352182972, 35.2183975682534], [-97.450039514806, 35.2183866697931], [-97.45156862307398, 35.2183907488756], [-97.453007304587, 35.2184002459072]]}, "properties": {"loc_id": "52500-154", "on_road": "W Main St", "from_road": "Flood", "to_road": "University", "wards": [4], "ward_primary": 4, "shared_boundary": false, "functional_class": "Principal Arterial", "class_source": "city", "lanes_final": 5, "lanes_source": "verified", "one_way": false, "divided": false, "vpd_max": 15283.0, "volume_year": 2022, "capacity_C": 24000.0, "capacity_E": 36000.0, "v_c_C": 0.6367916666666666, "v_c_E": 0.4245277777777778, "v_c": 0.4245277777777778, "capacity_los": "E", "collisions": 23, "collisions_by_year": {"2021": 3, "2022": 4, "2023": 5, "2024": 7, "2025": 4}, "combined": 23.42452777777778, "rank_combined_city": 76, "length_mi": 0.286180909309581, "crashes_per_mi": 80.36874316839689, "crashes_per_mvmt": 2.8814805659577667, "geom_source": "clipped"}}, {"type": "Feature", "geometry": {"type": "LineString", "coordinates": [[-97.4418913711302, 35.2215338277503], [-97.4432428558021, 35.2209508129328], [-97.4436012547021, 35.2208013304434], [-97.4438547380191, 35.2206955007982]]}, "properties": {"loc_id": "52500-155", "on_road": "E Main St", "from_road": "James Garner Ave", "to_road": "Peters Ave", "wards": [4], "ward_primary": 4, "shared_boundary": false, "functional_class": "Minor Arterial", "class_source": "acog", "lanes_final": 3, "lanes_source": "verified", "one_way": true, "divided": false, "vpd_max": 9469.0, "volume_year": 2020, "capacity_C": 18000.0, "capacity_E": 33000.0, "v_c_C": 0.5260555555555556, "v_c_E": 0.28693939393939394, "v_c": 0.28693939393939394, "capacity_los": "E", "collisions": 43, "collisions_by_year": {"2021": 7, "2022": 9, "2023": 6, "2024": 8, "2025": 13}, "combined": 43.28693939393939, "rank_combined_city": 43, "length_mi": 0.125010672453129, "crashes_per_mi": 343.97063191642496, "crashes_per_mvmt": 19.90464236818486, "geom_source": "clipped"}}, {"type": "Feature", "geometry": {"type": "LineString", "coordinates": [[-97.4814915287724, 35.2184329543173], [-97.4834962894244, 35.2184092984963], [-97.48535494549984, 35.21840737925028]]}, "properties": {"loc_id": "52500-157", "on_road": "W Main St", "from_road": "I-35", "to_road": "26th Dr. W", "wards": [2], "ward_primary": 2, "shared_boundary": false, "functional_class": "Principal Arterial", "class_source": "city", "lanes_final": 6, "lanes_source": "verified", "one_way": false, "divided": true, "vpd_max": 34556.0, "volume_year": 2022, "capacity_C": 40000.0, "capacity_E": 58000.0, "v_c_C": 0.8639, "v_c_E": 0.5957931034482759, "v_c": 0.5957931034482759, "capacity_los": "E", "collisions": 36, "collisions_by_year": {"2021": 9, "2022": 9, "2023": 4, "2024": 9, "2025": 5}, "combined": 36.59579310344827, "rank_combined_city": 54, "length_mi": 0.21832894628900615, "crashes_per_mi": 164.88880934892674, "crashes_per_mvmt": 2.6145975379083186, "geom_source": "clipped"}}, {"type": "Feature", "geometry": {"type": "LineString", "coordinates": [[-97.4766648197647, 35.2184224721511], [-97.47957155290702, 35.2184296536936]]}, "properties": {"loc_id": "52500-158", "on_road": "W Main St", "from_road": "26th Dr. W", "to_road": "24th Ave.W", "wards": [2], "ward_primary": 2, "shared_boundary": false, "functional_class": "Principal Arterial", "class_source": "city", "lanes_final": 6, "lanes_source": "verified", "one_way": false, "divided": true, "vpd_max": 31886.0, "volume_year": 2022, "capacity_C": 40000.0, "capacity_E": 58000.0, "v_c_C": 0.79715, "v_c_E": 0.5497586206896552, "v_c": 0.5497586206896552, "capacity_los": "E", "collisions": 168, "collisions_by_year": {"2021": 42, "2022": 40, "2023": 24, "2024": 38, "2025": 24}, "combined": 168.54975862068966, "rank_combined_city": 1, "length_mi": 0.16425686447332755, "crashes_per_mi": 1022.7883050043262, "crashes_per_mvmt": 17.576113276910743, "geom_source": "clipped"}}, {"type": "Feature", "geometry": {"type": "LineString", "coordinates": [[-97.5118936420696, 35.2473698330696], [-97.5118518572485, 35.250906856361], [-97.5118572011494, 35.2512786263429], [-97.5118527995274, 35.2518727818303], [-97.5118326209561, 35.2545962722914], [-97.51184010891, 35.2550880653015], [-97.511868945309, 35.2569819575532], [-97.511905670608, 35.2593939328727], [-97.5119430859927, 35.2618510186033]]}, "properties": {"loc_id": "52500-16", "on_road": "48th Ave NW", "from_road": "Tecumseh", "to_road": "Rockcreek", "wards": [3, 8], "ward_primary": 3, "shared_boundary": true, "functional_class": "Minor Arterial", "class_source": "acog", "lanes_final": 2, "lanes_source": "verified", "one_way": false, "divided": false, "vpd_max": 4076.0, "volume_year": 2024, "capacity_C": 10000.0, "capacity_E": 17100.0, "v_c_C": 0.4076, "v_c_E": 0.2383625730994152, "v_c": 0.2383625730994152, "capacity_los": "E", "collisions": 0, "collisions_by_year": {}, "combined": 0.2383625730994152, "rank_combined_city": 200, "length_mi": 0.9950226015380115, "crashes_per_mi": 0.0, "crashes_per_mvmt": 0.0, "geom_source": "clipped"}}, {"type": "Feature", "geometry": {"type": "LineString", "coordinates": [[-97.4438547380191, 35.2206955007982], [-97.44533113159419, 35.2200788568671], [-97.4466958872528, 35.2195066829708]]}, "properties": {"loc_id": "52500-160", "on_road": "W Main St", "from_road": "Webster", "to_road": "James Garner Ave.", "wards": [4], "ward_primary": 4, "shared_boundary": false, "functional_class": "Minor Arterial", "class_source": "acog", "lanes_final": 3, "lanes_source": "verified", "one_way": true, "divided": false, "vpd_max": 10084.0, "volume_year": 2024, "capacity_C": 18000.0, "capacity_E": 33000.0, "v_c_C": 0.5602222222222222, "v_c_E": 0.30557575757575756, "v_c": 0.30557575757575756, "capacity_los": "E", "collisions": 39, "collisions_by_year": {"2021": 6, "2022": 9, "2023": 5, "2024": 10, "2025": 9}, "combined": 39.30557575757576, "rank_combined_city": 51, "length_mi": 0.18013349170615142, "crashes_per_mi": 216.50610128415215, "crashes_per_mvmt": 11.764525997193553, "geom_source": "clipped"}}, {"type": "Feature", "geometry": {"type": "LineString", "coordinates": [[-97.4397493265056, 35.2236622315138], [-97.4400442404551, 35.2241155154787], [-97.4403307457242, 35.2245752862766], [-97.44062723226638, 35.2250445462097], [-97.44090708852661, 35.2254981036852]]}, "properties": {"loc_id": "52500-161", "on_road": "N Porter Ave", "from_road": "Daws", "to_road": "Grays", "wards": [4], "ward_primary": 4, "shared_boundary": false, "functional_class": "Minor Arterial", "class_source": "acog", "lanes_final": 5, "lanes_source": "verified", "one_way": false, "divided": false, "vpd_max": 14056.0, "volume_year": 2023, "capacity_C": 24000.0, "capacity_E": 36000.0, "v_c_C": 0.5856666666666667, "v_c_E": 0.3904444444444444, "v_c": 0.3904444444444444, "capacity_los": "E", "collisions": 38, "collisions_by_year": {"2021": 4, "2022": 12, "2023": 8, "2024": 7, "2025": 7}, "combined": 38.39044444444445, "rank_combined_city": 53, "length_mi": 0.1421001639357425, "crashes_per_mi": 267.41700324275166, "crashes_per_mvmt": 10.424720033476726, "geom_source": "clipped"}}, {"type": "Feature", "geometry": {"type": "LineString", "coordinates": [[-97.4412549733339, 35.261901000052376], [-97.4412549743727, 35.261901357799], [-97.441265550724, 35.2635326560405], [-97.4412774186829, 35.2653631263783], [-97.4412931536683, 35.267790075843], [-97.4412989905322, 35.2686903049336], [-97.441299930512, 35.2688353572656], [-97.4413017498236, 35.2691160479245], [-97.4413016682691, 35.269252384043], [-97.4412953651401, 35.2751498190217], [-97.4412982752716, 35.2754630256062], [-97.44129942763261, 35.2755404710911], [-97.4413026076898, 35.2758140159219], [-97.4413080969197, 35.2763655650217], [-97.44130815245556, 35.27636598640873]]}, "properties": {"loc_id": "52500-162", "on_road": "N Porter Ave", "from_road": "Little River", "to_road": "Tecumseh", "wards": [6], "ward_primary": 6, "shared_boundary": false, "functional_class": "Minor Arterial", "class_source": "acog", "lanes_final": 2, "lanes_source": "verified", "one_way": false, "divided": false, "vpd_max": 6398.0, "volume_year": 2023, "capacity_C": 10000.0, "capacity_E": 17100.0, "v_c_C": 0.6398, "v_c_E": 0.37415204678362574, "v_c": 0.37415204678362574, "capacity_los": "E", "collisions": 17, "collisions_by_year": {"2021": 4, "2022": 3, "2023": 3, "2024": 3, "2025": 4}, "combined": 17.374152046783625, "rank_combined_city": 93, "length_mi": 0.9938635540230081, "crashes_per_mi": 17.104963685595063, "crashes_per_mvmt": 1.4649238576777042, "geom_source": "override"}}, {"type": "Feature", "geometry": {"type": "LineString", "coordinates": [[-97.4413080969197, 35.2763655650217], [-97.4414100824573, 35.2771393962047]]}, "properties": {"loc_id": "52500-163", "on_road": "N Porter Ave", "from_road": "Broadway", "to_road": "Franklin", "wards": [6], "ward_primary": 6, "shared_boundary": false, "functional_class": "Minor Arterial", "class_source": "city", "lanes_final": 2, "lanes_source": "verified", "one_way": false, "divided": false, "vpd_max": 7124.0, "volume_year": 2023, "capacity_C": 10000.0, "capacity_E": 17100.0, "v_c_C": 0.7124, "v_c_E": 0.4166081871345029, "v_c": 0.4166081871345029, "capacity_los": "E", "collisions": 6, "collisions_by_year": {"2022": 3, "2023": 2, "2024": 1}, "combined": 6.416608187134503, "rank_combined_city": 147, "length_mi": 0.05347943398778706, "crashes_per_mi": 112.19266085295895, "crashes_per_mvmt": 8.62934174682216, "geom_source": "clipped"}}, {"type": "Feature", "geometry": {"type": "LineString", "coordinates": [[-97.4379631756826, 35.2208181111498], [-97.4382488550015, 35.2212723880409], [-97.43854529574831, 35.2217450876546], [-97.4388434011082, 35.2222195102534], [-97.439147332646, 35.2226994542264]]}, "properties": {"loc_id": "52500-164", "on_road": "S Porter Ave", "from_road": "Main(Nrm)", "to_road": "Eufaula St.", "wards": [4], "ward_primary": 4, "shared_boundary": false, "functional_class": "Minor Arterial", "class_source": "acog", "lanes_final": 4, "lanes_source": "verified", "one_way": false, "divided": false, "vpd_max": 16494.0, "volume_year": 2025, "capacity_C": 22000.0, "capacity_E": 34200.0, "v_c_C": 0.7497272727272727, "v_c_E": 0.482280701754386, "v_c": 0.482280701754386, "capacity_los": "E", "collisions": 34, "collisions_by_year": {"2021": 8, "2022": 7, "2023": 5, "2024": 7, "2025": 7}, "combined": 34.482280701754384, "rank_combined_city": 56, "length_mi": 0.14555573849307382, "crashes_per_mi": 233.58749268149168, "crashes_per_mvmt": 7.7599822162477246, "geom_source": "clipped"}}, {"type": "Feature", "geometry": {"type": "LineString", "coordinates": [[-97.4411089240991, 35.2287070845724], [-97.44110826289429, 35.2291770527349], [-97.4411060931554, 35.2296228015316], [-97.441103310865, 35.2305311362421], [-97.4411031647005, 35.2308008902062], [-97.44110101593071, 35.2309954279986], [-97.44109375652678, 35.2314509421827], [-97.44110116530979, 35.2318416175838], [-97.4410864785604, 35.2319090323026], [-97.4410875897388, 35.2323647556235], [-97.4410732892587, 35.2328714052479]]}, "properties": {"loc_id": "52500-165", "on_road": "N Porter Ave", "from_road": "Robinson", "to_road": "Rich St", "wards": [4], "ward_primary": 4, "shared_boundary": false, "functional_class": "Minor Arterial", "class_source": "acog", "lanes_final": 4, "lanes_source": "verified", "one_way": false, "divided": false, "vpd_max": 15157.0, "volume_year": 2023, "capacity_C": 22000.0, "capacity_E": 34200.0, "v_c_C": 0.6889545454545455, "v_c_E": 0.44318713450292396, "v_c": 0.44318713450292396, "capacity_los": "E", "collisions": 43, "collisions_by_year": {"2021": 5, "2022": 7, "2023": 12, "2024": 7, "2025": 12}, "combined": 43.44318713450292, "rank_combined_city": 42, "length_mi": 0.2862102334278068, "crashes_per_mi": 150.2392122217609, "crashes_per_mvmt": 5.431342350855959, "geom_source": "clipped"}}, {"type": "Feature", "geometry": {"type": "LineString", "coordinates": [[-97.44113275370368, 35.2388214188276], [-97.44115342152301, 35.2401005775193], [-97.44116152825148, 35.2410084426486], [-97.441207000481, 35.2474209581176]]}, "properties": {"loc_id": "52500-167", "on_road": "N Porter Ave", "from_road": "Rock Creek", "to_road": "Sandpipper", "wards": [6, 8], "ward_primary": 6, "shared_boundary": true, "functional_class": "Minor Arterial", "class_source": "acog", "lanes_final": 4, "lanes_source": "verified", "one_way": false, "divided": false, "vpd_max": 12671.0, "volume_year": 2023, "capacity_C": 22000.0, "capacity_E": 34200.0, "v_c_C": 0.5759545454545455, "v_c_E": 0.3704970760233918, "v_c": 0.3704970760233918, "capacity_los": "E", "collisions": 29, "collisions_by_year": {"2021": 7, "2022": 3, "2023": 8, "2024": 8, "2025": 3}, "combined": 29.37049707602339, "rank_combined_city": 67, "length_mi": 0.5908697652688114, "crashes_per_mi": 49.080189416709594, "crashes_per_mvmt": 2.122425576111543, "geom_source": "clipped"}}, {"type": "Feature", "geometry": {"type": "LineString", "coordinates": [[-97.4410732892587, 35.2328714052479], [-97.4411219168569, 35.2337284595834], [-97.44110495690138, 35.2340089568053], [-97.4411151563037, 35.2351091029869], [-97.4411204594552, 35.235681137614], [-97.4411192986591, 35.2364734003622], [-97.4411242282075, 35.2374796421481]]}, "properties": {"loc_id": "52500-169", "on_road": "N Porter Ave", "from_road": "Mimosa Dr", "to_road": "Robinson", "wards": [6, 8], "ward_primary": 8, "shared_boundary": true, "functional_class": "Minor Arterial", "class_source": "acog", "lanes_final": 5, "lanes_source": "verified", "one_way": false, "divided": false, "vpd_max": 13859.0, "volume_year": 2023, "capacity_C": 24000.0, "capacity_E": 36000.0, "v_c_C": 0.5774583333333333, "v_c_E": 0.3849722222222222, "v_c": 0.3849722222222222, "capacity_los": "E", "collisions": 41, "collisions_by_year": {"2021": 13, "2022": 10, "2023": 4, "2024": 7, "2025": 7}, "combined": 41.384972222222224, "rank_combined_city": 44, "length_mi": 0.31671226367691435, "crashes_per_mi": 129.4550439064307, "crashes_per_mvmt": 5.118282028549004, "geom_source": "clipped"}}, {"type": "Feature", "geometry": {"type": "LineString", "coordinates": [[-97.44122613241849, 35.252278344681], [-97.4412280385911, 35.2528183206675], [-97.44123504910358, 35.2548035326628], [-97.44123578403001, 35.2549426196448], [-97.4412414268836, 35.2569602194583], [-97.4412422025023, 35.2573417600891], [-97.4412458743244, 35.2587102958539], [-97.4412479206019, 35.2594721709994], [-97.4412549743727, 35.261901357799]]}, "properties": {"loc_id": "52500-170", "on_road": "N Porter Ave", "from_road": "Tecumseh", "to_road": "Weymouth Way", "wards": [6, 8], "ward_primary": 6, "shared_boundary": true, "functional_class": "Minor Arterial", "class_source": "acog", "lanes_final": 4, "lanes_source": "verified", "one_way": false, "divided": false, "vpd_max": 10905.0, "volume_year": 2023, "capacity_C": 22000.0, "capacity_E": 34200.0, "v_c_C": 0.49568181818181817, "v_c_E": 0.318859649122807, "v_c": 0.318859649122807, "capacity_los": "E", "collisions": 15, "collisions_by_year": {"2021": 2, "2022": 3, "2023": 3, "2024": 1, "2025": 6}, "combined": 15.318859649122807, "rank_combined_city": 98, "length_mi": 0.6611752144851226, "crashes_per_mi": 22.686875840742093, "crashes_per_mvmt": 1.1399509256526585, "geom_source": "clipped"}}, {"type": "Feature", "geometry": {"type": "LineString", "coordinates": [[-97.42348710812222, 35.2328876102735], [-97.4225119228815, 35.2328802900721], [-97.42191509628951, 35.2328752534846], [-97.42132915314582, 35.2328699244791], [-97.4204946043308, 35.2328625619772], [-97.4204385198078, 35.2328621256181], [-97.4195930446357, 35.2328608879797], [-97.41823274744502, 35.2328590985323], [-97.41703245176478, 35.2328412247744]]}, "properties": {"loc_id": "52500-173", "on_road": "E Robinson St", "from_road": "12 th E", "to_road": "Northcliff Ave", "wards": [6], "ward_primary": 6, "shared_boundary": false, "functional_class": "Principal Arterial", "class_source": "override", "lanes_final": 4, "lanes_source": "verified", "one_way": false, "divided": false, "vpd_max": 9998.0, "volume_year": 2021, "capacity_C": 22000.0, "capacity_E": 34200.0, "v_c_C": 0.45445454545454544, "v_c_E": 0.29233918128654973, "v_c": 0.29233918128654973, "capacity_los": "E", "collisions": 60, "collisions_by_year": {"2021": 13, "2022": 16, "2023": 17, "2024": 8, "2025": 6}, "combined": 60.29233918128655, "rank_combined_city": 23, "length_mi": 0.364765395255534, "crashes_per_mi": 164.48928758159036, "crashes_per_mvmt": 9.014914631232568, "geom_source": "clipped"}}, {"type": "Feature", "geometry": {"type": "LineString", "coordinates": [[-97.41703245176478, 35.2328412247744], [-97.4166365316613, 35.2328366006581], [-97.41506869290991, 35.2328258941646], [-97.4146651969991, 35.2328268936574], [-97.4141646380292, 35.2328222801628], [-97.4062364209387, 35.2328103690141], [-97.40591161940041, 35.2328105180635]]}, "properties": {"loc_id": "52500-174", "on_road": "E Robinson St", "from_road": "Northcliff Ave", "to_road": "24th Ave.NE", "wards": [6], "ward_primary": 6, "shared_boundary": false, "functional_class": "Principal Arterial", "class_source": "city", "lanes_final": 4, "lanes_source": "verified", "one_way": false, "divided": false, "vpd_max": 11214.0, "volume_year": 2023, "capacity_C": 22000.0, "capacity_E": 34200.0, "v_c_C": 0.5097272727272727, "v_c_E": 0.32789473684210524, "v_c": 0.32789473684210524, "capacity_los": "E", "collisions": 8, "collisions_by_year": {"2021": 3, "2023": 2, "2024": 1, "2025": 2}, "combined": 8.327894736842104, "rank_combined_city": 135, "length_mi": 0.628433296348693, "crashes_per_mi": 12.730070234154354, "crashes_per_mvmt": 0.6220243401303338, "geom_source": "clipped"}}, {"type": "Feature", "geometry": {"type": "LineString", "coordinates": [[-97.40591161940041, 35.2328105180635], [-97.40354197367938, 35.2327796493586], [-97.40090847379459, 35.2327716610495], [-97.39758946973448, 35.2327508170727], [-97.39707215819692, 35.232747597834], [-97.3961732407995, 35.232746412332], [-97.39018173313299, 35.2327383447452], [-97.3881661958684, 35.2327355654569]]}, "properties": {"loc_id": "52500-175", "on_road": "E Robinson St E", "from_road": "24th Ave.NE", "to_road": "36th Ave.NE", "wards": [6], "ward_primary": 6, "shared_boundary": false, "functional_class": "Principal Arterial", "class_source": "city", "lanes_final": 2, "lanes_source": "verified", "one_way": false, "divided": false, "vpd_max": 4753.0, "volume_year": 2023, "capacity_C": 10000.0, "capacity_E": 17100.0, "v_c_C": 0.4753, "v_c_E": 0.277953216374269, "v_c": 0.277953216374269, "capacity_los": "E", "collisions": 18, "collisions_by_year": {"2021": 3, "2022": 2, "2023": 8, "2024": 4, "2025": 1}, "combined": 18.277953216374268, "rank_combined_city": 91, "length_mi": 1.002798122483655, "crashes_per_mi": 17.94977433286268, "crashes_per_mvmt": 2.069323119110085, "geom_source": "clipped"}}, {"type": "Feature", "geometry": {"type": "LineString", "coordinates": [[-97.4804036939712, 35.232941638071], [-97.4781567792319, 35.2329589152256], [-97.47667415394278, 35.2329747673728], [-97.467949820338, 35.2329673958071], [-97.46793558985482, 35.2329673342631], [-97.4663827975941, 35.2329592351822], [-97.4657834465769, 35.2329561184701]]}, "properties": {"loc_id": "52500-176", "on_road": "W Robinson St", "from_road": "24 th W", "to_road": "Woods Ave", "wards": [2, 8], "ward_primary": 2, "shared_boundary": true, "functional_class": "Principal Arterial", "class_source": "acog", "lanes_final": 4, "lanes_source": "verified", "one_way": false, "divided": false, "vpd_max": 26674.0, "volume_year": 2021, "capacity_C": 22000.0, "capacity_E": 34200.0, "v_c_C": 1.2124545454545455, "v_c_E": 0.7799415204678363, "v_c": 0.7799415204678363, "capacity_los": "E", "collisions": 56, "collisions_by_year": {"2021": 9, "2022": 14, "2023": 14, "2024": 13, "2025": 6}, "combined": 56.77994152046784, "rank_combined_city": 27, "length_mi": 0.8261885882963373, "crashes_per_mi": 67.781134710994, "crashes_per_mvmt": 1.392380137468922, "geom_source": "clipped"}}, {"type": "Feature", "geometry": {"type": "LineString", "coordinates": [[-97.4657834465769, 35.2329561184701], [-97.4657097818071, 35.2329559707297], [-97.46567629721511, 35.2329559974632], [-97.46564281373388, 35.2329558520324], [-97.4656093302527, 35.2329557065925], [-97.46557584566662, 35.2329557323973], [-97.4655423621856, 35.2329555869391], [-97.4655088776053, 35.2329556118245], [-97.4654753941245, 35.2329554663481], [-97.4654419106438, 35.2329553208626], [-97.46540842605201, 35.2329553475232], [-97.465374939263, 35.2329553741652], [-97.4653414557825, 35.2329552286524], [-97.46530797230221, 35.2329550831305], [-97.4652744888219, 35.2329549375994], [-97.465241004236, 35.2329549633131], [-97.4652083578298, 35.2329549935627], [-97.4651748743497, 35.2329548480045], [-97.46514139086982, 35.2329547024372], [-97.46510790627812, 35.232954729016], [-97.46507442279838, 35.2329545834306], [-97.465040937114, 35.232954609085], [-97.46500745363441, 35.2329544634813], [-97.46497396904272, 35.2329544900237], [-97.4649404855633, 35.2329543444017], [-97.46490700208402, 35.2329541987707], [-97.46487351860479, 35.2329540531305], [-97.46484003291249, 35.2329542499889], [-97.4648065494334, 35.2329541043305], [-97.46477306595442, 35.232953958663], [-97.4647395824756, 35.2329538129864], [-97.46470609788992, 35.2329538385545], [-97.4646726132985, 35.2329538650149], [-97.4646391298198, 35.2329537193109], [-97.4646056463413, 35.2329535735978], [-97.4645721617499, 35.2329536000308], [-97.46453867827148, 35.2329534542996], [-97.46450519479329, 35.2329533085591], [-97.46447170801069, 35.2329533340539], [-97.4644382234194, 35.2329533604504], [-97.4644047410399, 35.2329532146874], [-97.464371257562, 35.2329530689106], [-97.4643377740842, 35.2329529231246], [-97.4643042883794, 35.2329531216399], [-97.46427080490169, 35.2329529758356], [-97.4642373214241, 35.2329528300223], [-97.4642038379467, 35.2329526841999], [-97.4641703533614, 35.2329527096222], [-97.4641368698841, 35.2329525637815], [-97.4641033852929, 35.232952590087], [-97.4640699018158, 35.2329524442281], [-97.46403641833878, 35.23295229836], [-97.4640029337594, 35.2329523228355], [-97.46396945028249, 35.2329521769492], [-97.46393596569732, 35.2329522023077], [-97.4639024800236, 35.2329520563937], [-97.4638689954326, 35.2329520826353], [-97.46383551195602, 35.2329519367126], [-97.4638020295782, 35.2329517907856], [-97.4637693831888, 35.2329516484933], [-97.46373589859792, 35.2329516746987], [-97.46370241510562, 35.2329517008998], [-97.4636689316295, 35.2329515549318], [-97.46363544815358, 35.2329514089547], [-97.4636019646777, 35.2329512629684], [-97.4635684778957, 35.2329512882173], [-97.46353499442002, 35.2329511422128], [-97.4635015098293, 35.2329511683545], [-97.4634680263538, 35.2329510223317], [-97.4634345428784, 35.2329508762999], [-97.4634010594032, 35.232950730259], [-97.46336757481248, 35.2329507563641], [-97.4633340913374, 35.2329506103049], [-97.4633006067527, 35.2329506354906], [-97.4632671232777, 35.2329504894131], [-97.463233639803, 35.2329503433267], [-97.46320015522411, 35.2329503675836], [-97.4631666717495, 35.2329502214789], [-97.4631331882749, 35.232950075365], [-97.46309970589911, 35.2329499292469], [-97.4630662213087, 35.23294995527], [-97.4630327378345, 35.2329498091288], [-97.462999251047, 35.2329498351242], [-97.4629657675729, 35.2329496889648], [-97.462932284099, 35.2329495427963], [-97.46289880062508, 35.2329493966186], [-97.4628653171514, 35.2329492504319], [-97.46283183256699, 35.2329492754899], [-97.46279834909349, 35.2329491292849], [-97.4627648656201, 35.2329489830708], [-97.4627313821468, 35.2329488368476], [-97.4626978975567, 35.2329488627705], [-97.4626644140835, 35.2329487165291], [-97.46263092949351, 35.2329487424337], [-97.4625974460205, 35.2329485961741], [-97.4625647985359, 35.2329484535573], [-97.46253131506322, 35.2329483072797], [-97.4624978315906, 35.2329481609929], [-97.46246434700659, 35.2329481859509], [-97.4624308635341, 35.2329480396459], [-97.4623973811603, 35.2329478933367], [-97.46236389768801, 35.2329477470134], [-97.462330414216, 35.2329476006811], [-97.462296930744, 35.2329474543397], [-97.4622634461543, 35.2329474801443], [-97.4622299626825, 35.2329473337846], [-97.4621964792108, 35.2329471874159], [-97.4621629957392, 35.232947041038], [-97.46212951226778, 35.232946894651], [-97.46209602548119, 35.2329469204004], [-97.4620625420099, 35.2329467739952], [-97.46202905853869, 35.2329466275809], [-97.46199557618598, 35.2329463090022], [-97.46196209271508, 35.2329461625696], [-97.4619286092444, 35.2329460161279], [-97.4618951246552, 35.2329460418324], [-97.4618616411846, 35.2329458953724], [-97.4618281577141, 35.2329457489034], [-97.46179467534229, 35.2329456024301], [-97.46176119187209, 35.2329454559428], [-97.46172770728299, 35.2329454816017], [-97.461694223813, 35.2329453350962], [-97.4616607414621, 35.2329450164264], [-97.4616272579923, 35.2329448699027], [-97.46159377452268, 35.2329447233699], [-97.4615602910531, 35.232944576828], [-97.4615276424527, 35.2329446060912], [-97.46149415898329, 35.2329444595313], [-97.461460675514, 35.2329443129623], [-97.4614271920449, 35.2329441663841], [-97.4613275765243, 35.2329438997065], [-97.4612940930556, 35.2329437530922], [-97.461260609587, 35.2329436064687], [-97.4612271261185, 35.2329434598361], [-97.4611936426502, 35.2329433131944], [-97.4611601580618, 35.2329433386987], [-97.4611266745936, 35.2329431920387], [-97.4590104647557, 35.2329418030345]]}, "properties": {"loc_id": "52500-177", "on_road": "W Robinson St", "from_road": "Woods Ave", "to_road": "Berry", "wards": [2, 8], "ward_primary": 2, "shared_boundary": true, "functional_class": "Principal Arterial", "class_source": "city", "lanes_final": 4, "lanes_source": "verified", "one_way": false, "divided": false, "vpd_max": 26724.0, "volume_year": 2021, "capacity_C": 22000.0, "capacity_E": 34200.0, "v_c_C": 1.2147272727272727, "v_c_E": 0.7814035087719299, "v_c": 0.7814035087719299, "capacity_los": "E", "collisions": 33, "collisions_by_year": {"2021": 8, "2022": 4, "2023": 10, "2024": 7, "2025": 4}, "combined": 33.78140350877193, "rank_combined_city": 58, "length_mi": 0.38273624310509874, "crashes_per_mi": 86.22125705230967, "crashes_per_mvmt": 1.767868747650968, "geom_source": "clipped"}}, {"type": "Feature", "geometry": {"type": "LineString", "coordinates": [[-97.4944323297872, 35.2328883052083], [-97.4940664983423, 35.2328905797889], [-97.49347881761922, 35.2328952020993], [-97.4933925934512, 35.2328957042578], [-97.4933591088938, 35.2328957385259], [-97.4933256232831, 35.2328959449404], [-97.4932921354807, 35.2328961504353], [-97.493258650923, 35.2328961846761], [-97.4932251653284, 35.2328963883592], [-97.4931916797171, 35.2328965947372], [-97.4931581951648, 35.2328966280493], [-97.4931247095532, 35.232896834409], [-97.4930912250007, 35.2328968677029], [-97.49305773939992, 35.2328970722417], [-97.4930242537935, 35.2328972776728], [-97.4929907692352, 35.2328973118407], [-97.4929572836286, 35.2328975172535], [-97.4929237980161, 35.2328977235586], [-97.4928903145617, 35.2328977568024], [-97.4928568289601, 35.2328979612865], [-97.4928233433528, 35.2328981666629], [-97.4927898587941, 35.2328982007761], [-97.49275637318648, 35.2328984061342], [-97.4927228875733, 35.2328986123846], [-97.4926894008173, 35.2328986464614], [-97.4926559152203, 35.2328988499896], [-97.4926224296122, 35.2328990553113], [-97.492588945053, 35.2328990893698], [-97.49255462345, 35.2328992921264], [-97.4925211378414, 35.2328994974205], [-97.4924876532931, 35.2328995296487], [-97.49245416548712, 35.2328997349156], [-97.49242067987261, 35.2328999410837], [-97.4923871953186, 35.2328999741859], [-97.4923537108023, 35.2329001803404], [-97.4923202251928, 35.2329003855799], [-97.4922867406441, 35.2329004177534], [-97.4922532550344, 35.2329006229747], [-97.49221976941901, 35.2329008290881], [-97.4921862848645, 35.2329008621356], [-97.492151960007, 35.2329012369263], [-97.4910770825117, 35.2329057230922], [-97.490049078632, 35.2329109097507], [-97.489807983646, 35.2329121428189], [-97.4893165835765, 35.2329149118236], [-97.488370617282, 35.2329200815553], [-97.4877795792258, 35.2329262076127], [-97.4861268846522, 35.2329312106788], [-97.48560097711388, 35.23293456148913]]}, "properties": {"loc_id": "52500-178", "on_road": "W Robinson St", "from_road": "36th Ave.NW", "to_road": "I-35", "wards": [3, 8], "ward_primary": 3, "shared_boundary": true, "functional_class": "Principal Arterial", "class_source": "override", "lanes_final": 5, "lanes_source": "verified", "one_way": false, "divided": false, "vpd_max": 21249.0, "volume_year": 2019, "capacity_C": 24000.0, "capacity_E": 36000.0, "v_c_C": 0.885375, "v_c_E": 0.59025, "v_c": 0.59025, "capacity_los": "E", "collisions": 119, "collisions_by_year": {"2021": 36, "2022": 20, "2023": 23, "2024": 18, "2025": 22}, "combined": 119.59025, "rank_combined_city": 5, "length_mi": 0.4990612869712221, "crashes_per_mi": 238.4476678650132, "crashes_per_mvmt": 6.148819067456859, "geom_source": "clipped"}}, {"type": "Feature", "geometry": {"type": "LineString", "coordinates": [[-97.37052199918386, 35.232725193800356], [-97.3631250023424, 35.2327041228129], [-97.3622929151243, 35.2327035900424], [-97.35978142971601, 35.2327219684081], [-97.3573737466336, 35.2327399787709], [-97.3568000846414, 35.2327706379086], [-97.3531183668418, 35.2327813827488], [-97.3531179974715, 35.232781381091044]]}, "properties": {"loc_id": "52500-179", "on_road": "E Robinson St E", "from_road": "Christmas Tree", "to_road": "60th Ave.NE", "wards": [5], "ward_primary": 5, "shared_boundary": false, "functional_class": "Minor Arterial", "class_source": "acog", "lanes_final": 2, "lanes_source": "verified", "one_way": false, "divided": false, "vpd_max": 2581.0, "volume_year": 2023, "capacity_C": 10000.0, "capacity_E": 17100.0, "v_c_C": 0.2581, "v_c_E": 0.1509356725146199, "v_c": 0.1509356725146199, "capacity_los": "E", "collisions": 7, "collisions_by_year": {"2022": 1, "2023": 2, "2024": 3, "2025": 1}, "combined": 7.15093567251462, "rank_combined_city": 145, "length_mi": 0.9835634263355549, "crashes_per_mi": 7.116978745417342, "crashes_per_mvmt": 1.5109315695662915, "geom_source": "override"}}, {"type": "Feature", "geometry": {"type": "LineString", "coordinates": [[-97.3530400239332, 35.203803071881], [-97.3529988625621, 35.207573660664], [-97.3530046344069, 35.2099422913793], [-97.35301889155278, 35.2164751501564], [-97.3529825910306, 35.2183366591722]]}, "properties": {"loc_id": "52500-18", "on_road": "Se 60th Ave Se", "from_road": "Alameda", "to_road": "Lindsey", "wards": [5], "ward_primary": 5, "shared_boundary": false, "functional_class": "Minor Arterial", "class_source": "city", "lanes_final": 2, "lanes_source": "verified", "one_way": false, "divided": false, "vpd_max": 1793.0, "volume_year": 2018, "capacity_C": 10000.0, "capacity_E": 17100.0, "v_c_C": 0.1793, "v_c_E": 0.10485380116959064, "v_c": 0.10485380116959064, "capacity_los": "E", "collisions": 14, "collisions_by_year": {"2021": 4, "2022": 4, "2024": 1, "2025": 5}, "combined": 14.104853801169591, "rank_combined_city": 108, "length_mi": 0.9985943628068474, "crashes_per_mi": 14.019706621063655, "crashes_per_mvmt": 4.2844567904296476, "geom_source": "clipped"}}, {"type": "Feature", "geometry": {"type": "LineString", "coordinates": [[-97.5036883601838, 35.2328705338111], [-97.5031885960715, 35.2328721211635], [-97.5015419988829, 35.2328725012026], [-97.49875607863258, 35.2328757776935], [-97.49708684146658, 35.2328825308047], [-97.49604965943571, 35.2328825788087], [-97.4948935848985, 35.2328867656806], [-97.4944323297872, 35.2328883052083]]}, "properties": {"loc_id": "52500-181", "on_road": "W Robinson St", "from_road": "Estates Dr", "to_road": "36 th W", "wards": [3], "ward_primary": 3, "shared_boundary": false, "functional_class": "Minor Arterial", "class_source": "acog", "lanes_final": 5, "lanes_source": "verified", "one_way": false, "divided": false, "vpd_max": 10553.0, "volume_year": 2019, "capacity_C": 24000.0, "capacity_E": 36000.0, "v_c_C": 0.4397083333333333, "v_c_E": 0.2931388888888889, "v_c": 0.2931388888888889, "capacity_los": "E", "collisions": 22, "collisions_by_year": {"2021": 10, "2022": 5, "2024": 5, "2025": 2}, "combined": 22.29313888888889, "rank_combined_city": 81, "length_mi": 0.5230499220205937, "crashes_per_mi": 42.06099470393154, "crashes_per_mvmt": 2.183940148366901, "geom_source": "clipped"}}, {"type": "Feature", "geometry": {"type": "LineString", "coordinates": [[-97.3531183668418, 35.2327813827488], [-97.3384266670076, 35.2327154457483]]}, "properties": {"loc_id": "52500-182", "on_road": "E Robinson St E", "from_road": "60th Ave.NE", "to_road": "Concho Dr", "wards": [5], "ward_primary": 5, "shared_boundary": false, "functional_class": "Minor Arterial", "class_source": "acog", "lanes_final": 2, "lanes_source": "verified", "one_way": false, "divided": false, "vpd_max": 1618.0, "volume_year": 2023, "capacity_C": 10000.0, "capacity_E": 17100.0, "v_c_C": 0.1618, "v_c_E": 0.09461988304093567, "v_c": 0.09461988304093567, "capacity_los": "E", "collisions": 2, "collisions_by_year": {"2021": 1, "2023": 1}, "combined": 2.0946198830409357, "rank_combined_city": 194, "length_mi": 0.8302233027368032, "crashes_per_mi": 2.408990440773063, "crashes_per_mvmt": 0.8158187651838269, "geom_source": "clipped"}}, {"type": "Feature", "geometry": {"type": "LineString", "coordinates": [[-97.52792772698551, 35.2328649676088], [-97.52789008332098, 35.2328601874685], [-97.5249561801396, 35.2327989375635], [-97.52095212797198, 35.2327152315752], [-97.51678232493279, 35.232785446708114]]}, "properties": {"loc_id": "52500-183", "on_road": "W Robinson St", "from_road": "60th Ave.NW", "to_road": "Cabella Ct.", "wards": [3], "ward_primary": 3, "shared_boundary": false, "functional_class": "Collector", "class_source": "override", "lanes_final": 2, "lanes_source": "verified", "one_way": false, "divided": false, "vpd_max": 3525.0, "volume_year": 2018, "capacity_C": 10000.0, "capacity_E": 17100.0, "v_c_C": 0.3525, "v_c_E": 0.20614035087719298, "v_c": 0.20614035087719298, "capacity_los": "E", "collisions": 2, "collisions_by_year": {"2024": 1, "2025": 1}, "combined": 2.206140350877193, "rank_combined_city": 188, "length_mi": 0.6300148308629918, "crashes_per_mi": 3.1745284428628575, "crashes_per_mvmt": 0.49346599714180234, "geom_source": "fallback_window"}}, {"type": "Feature", "geometry": {"type": "LineString", "coordinates": [[-97.4590104647557, 35.2329418030345], [-97.45895270243878, 35.2329418924352], [-97.457064129566, 35.2329490269767], [-97.4552368455056, 35.2329289286199]]}, "properties": {"loc_id": "52500-185", "on_road": "W Robinson St", "from_road": "Berry", "to_road": "Newton Dr", "wards": [4, 8], "ward_primary": 4, "shared_boundary": true, "functional_class": "Principal Arterial", "class_source": "city", "lanes_final": 5, "lanes_source": "verified", "one_way": false, "divided": false, "vpd_max": 29463.0, "volume_year": 2021, "capacity_C": 24000.0, "capacity_E": 36000.0, "v_c_C": 1.227625, "v_c_E": 0.8184166666666667, "v_c": 0.8184166666666667, "capacity_los": "E", "collisions": 32, "collisions_by_year": {"2021": 5, "2022": 3, "2023": 11, "2024": 8, "2025": 5}, "combined": 32.818416666666664, "rank_combined_city": 61, "length_mi": 0.21325321817168122, "crashes_per_mi": 150.0563521355075, "crashes_per_mvmt": 2.790708980904445, "geom_source": "clipped"}}, {"type": "Feature", "geometry": {"type": "LineString", "coordinates": [[-97.48542134876293, 35.23293570598791], [-97.48492354606, 35.2329388777288], [-97.4827258331392, 35.2329433529518], [-97.4826203536266, 35.2329437693018], [-97.4804036939712, 35.232941638071]]}, "properties": {"loc_id": "52500-187", "on_road": "W Robinson St", "from_road": "I-35", "to_road": "24th Ave.NW", "wards": [2, 8], "ward_primary": 2, "shared_boundary": true, "functional_class": "Principal Arterial", "class_source": "acog", "lanes_final": 6, "lanes_source": "verified", "one_way": false, "divided": false, "vpd_max": 29585.0, "volume_year": 2019, "capacity_C": 32000.0, "capacity_E": 52300.0, "v_c_C": 0.92453125, "v_c_E": 0.565678776290631, "v_c": 0.565678776290631, "capacity_los": "E", "collisions": 80, "collisions_by_year": {"2021": 15, "2022": 19, "2023": 13, "2024": 13, "2025": 20}, "combined": 80.56567877629062, "rank_combined_city": 13, "length_mi": 0.28354323990612434, "crashes_per_mi": 282.14391577978176, "crashes_per_mvmt": 5.225601010874758, "geom_source": "clipped"}}, {"type": "Feature", "geometry": {"type": "LineString", "coordinates": [[-97.4410732892587, 35.2328714052479], [-97.4397540226169, 35.2328678092955], [-97.4388265733574, 35.2328572294456], [-97.4375106680802, 35.2328520780292], [-97.43673297904529, 35.2328540145473], [-97.4359326818128, 35.2328565293315], [-97.4349114352581, 35.2328518426734], [-97.4347205764544, 35.2328514814322]]}, "properties": {"loc_id": "52500-189", "on_road": "E Robinson St", "from_road": "Porter", "to_road": "Cockrel Ave", "wards": [4, 6], "ward_primary": 6, "shared_boundary": true, "functional_class": "Principal Arterial", "class_source": "acog", "lanes_final": 5, "lanes_source": "verified", "one_way": false, "divided": false, "vpd_max": 18886.0, "volume_year": 2021, "capacity_C": 24000.0, "capacity_E": 36000.0, "v_c_C": 0.7869166666666667, "v_c_E": 0.5246111111111111, "v_c": 0.5246111111111111, "capacity_los": "E", "collisions": 43, "collisions_by_year": {"2021": 5, "2022": 17, "2023": 7, "2024": 9, "2025": 5}, "combined": 43.52461111111111, "rank_combined_city": 41, "length_mi": 0.3589921940678036, "crashes_per_mi": 119.77976321089172, "crashes_per_mvmt": 3.475206341463103, "geom_source": "clipped"}}, {"type": "Feature", "geometry": {"type": "LineString", "coordinates": [[-97.3530628620812, 35.1893042555413], [-97.3530619681451, 35.1905975975919], [-97.35306092577319, 35.1934104266051]]}, "properties": {"loc_id": "52500-19", "on_road": "60th Ave.SE", "from_road": "Hickory Bend Dr.", "to_road": "Sh 9", "wards": [5], "ward_primary": 5, "shared_boundary": false, "functional_class": "Minor Arterial", "class_source": "acog", "lanes_final": 2, "lanes_source": "verified", "one_way": false, "divided": false, "vpd_max": 1296.0, "volume_year": 2024, "capacity_C": 10000.0, "capacity_E": 17100.0, "v_c_C": 0.1296, "v_c_E": 0.07578947368421053, "v_c": 0.07578947368421053, "capacity_los": "E", "collisions": 6, "collisions_by_year": {"2022": 2, "2023": 1, "2025": 3}, "combined": 6.07578947368421, "rank_combined_city": 155, "length_mi": 0.2821247643521289, "crashes_per_mi": 21.267186571793495, "crashes_per_mvmt": 8.99170749695311, "geom_source": "clipped"}}, {"type": "Feature", "geometry": {"type": "LineString", "coordinates": [[-97.4534689398781, 35.2329176532939], [-97.4531213838647, 35.2329294949292], [-97.45234011495602, 35.2329241113065], [-97.4517626489559, 35.2329307773468], [-97.45150526383608, 35.2329337475084], [-97.4512953769894, 35.2329311719888], [-97.451081661962, 35.2329338510976], [-97.4499411178993, 35.2329267657547]]}, "properties": {"loc_id": "52500-192", "on_road": "W Robinson St", "from_road": "N. Flood Ave.", "to_road": "Stubbeman Ave", "wards": [4, 8], "ward_primary": 4, "shared_boundary": true, "functional_class": "Principal Arterial", "class_source": "city", "lanes_final": 4, "lanes_source": "verified", "one_way": false, "divided": true, "vpd_max": 32967.0, "volume_year": 2021, "capacity_C": 26000.0, "capacity_E": 38000.0, "v_c_C": 1.2679615384615384, "v_c_E": 0.8675526315789474, "v_c": 0.8675526315789474, "capacity_los": "E", "collisions": 106, "collisions_by_year": {"2021": 22, "2022": 15, "2023": 22, "2024": 32, "2025": 15}, "combined": 106.86755263157895, "rank_combined_city": 7, "length_mi": 0.19938073573446347, "crashes_per_mi": 531.6461473046799, "crashes_per_mvmt": 8.83650187846094, "geom_source": "clipped"}}, {"type": "Feature", "geometry": {"type": "LineString", "coordinates": [[-97.44443675617322, 35.2328787424878], [-97.4427441711692, 35.2328704014031], [-97.4420276541481, 35.2328628596645], [-97.4410732892587, 35.2328714052479]]}, "properties": {"loc_id": "52500-194", "on_road": "E Robinson St E", "from_road": "Peters Ave", "to_road": "Porter", "wards": [4, 8], "ward_primary": 8, "shared_boundary": true, "functional_class": "Principal Arterial", "class_source": "acog", "lanes_final": 5, "lanes_source": "verified", "one_way": false, "divided": false, "vpd_max": 29431.0, "volume_year": 2021, "capacity_C": 24000.0, "capacity_E": 36000.0, "v_c_C": 1.2262916666666666, "v_c_E": 0.8175277777777777, "v_c": 0.8175277777777777, "capacity_los": "E", "collisions": 87, "collisions_by_year": {"2021": 12, "2022": 24, "2023": 14, "2024": 15, "2025": 22}, "combined": 87.81752777777778, "rank_combined_city": 10, "length_mi": 0.19007384843538952, "crashes_per_mi": 457.7168333053103, "crashes_per_mvmt": 8.521754078246827, "geom_source": "clipped"}}, {"type": "Feature", "geometry": {"type": "LineString", "coordinates": [[-97.4234819036039, 35.2473445078873], [-97.4234408840762, 35.2473436306562], [-97.41893450273122, 35.2473341826956], [-97.4187338549689, 35.2473337577962], [-97.4154074962501, 35.2473266739416], [-97.4149419564712, 35.2473299550705], [-97.4148532028044, 35.2473305641899], [-97.4146373205519, 35.2473304657736], [-97.4127374550037, 35.2473295837938]]}, "properties": {"loc_id": "52500-195", "on_road": "E Rock Creek Rd E", "from_road": "12th Ave.NE", "to_road": "Twinacres", "wards": [6], "ward_primary": 6, "shared_boundary": false, "functional_class": "Minor Arterial", "class_source": "override", "lanes_final": 5, "lanes_source": "verified", "one_way": false, "divided": false, "vpd_max": 3558.0, "volume_year": 2020, "capacity_C": 24000.0, "capacity_E": 36000.0, "v_c_C": 0.14825, "v_c_E": 0.09883333333333333, "v_c": 0.09883333333333333, "capacity_los": "E", "collisions": 14, "collisions_by_year": {"2021": 2, "2023": 4, "2024": 3, "2025": 5}, "combined": 14.098833333333333, "rank_combined_city": 109, "length_mi": 0.607159784474812, "crashes_per_mi": 23.058180660153372, "crashes_per_mvmt": 3.551045401857804, "geom_source": "clipped"}}, {"type": "Feature", "geometry": {"type": "LineString", "coordinates": [[-97.49425093761111, 35.2473761946834], [-97.4980512709158, 35.2473718371301], [-97.49886126553778, 35.2473729231675], [-97.4996202770461, 35.2473739362667], [-97.5001936903368, 35.2473917195923], [-97.5002699181125, 35.2473856755473], [-97.5015098344502, 35.2473955127965], [-97.50309391038711, 35.2473979703016]]}, "properties": {"loc_id": "52500-198", "on_road": "W Rock Creek Rd", "from_road": "Grand View Ave", "to_road": "36TH AVE NW", "wards": [3, 8], "ward_primary": 8, "shared_boundary": true, "functional_class": "Minor Arterial", "class_source": "override", "lanes_final": 2, "lanes_source": "verified", "one_way": false, "divided": false, "vpd_max": 6194.0, "volume_year": 2021, "capacity_C": 10000.0, "capacity_E": 17100.0, "v_c_C": 0.6194, "v_c_E": 0.3622222222222222, "v_c": 0.3622222222222222, "capacity_los": "E", "collisions": 13, "collisions_by_year": {"2021": 1, "2022": 3, "2023": 2, "2024": 5, "2025": 2}, "combined": 13.362222222222222, "rank_combined_city": 111, "length_mi": 0.49975289442426735, "crashes_per_mi": 26.012855843439286, "crashes_per_mvmt": 2.301197875402116, "geom_source": "clipped"}}, {"type": "Feature", "geometry": {"type": "LineString", "coordinates": [[-97.4943107612968, 35.257870730726], [-97.49431608205481, 35.2580965484421], [-97.49432410897879, 35.2592499437617], [-97.49433520389222, 35.2607740615311], [-97.4943395911065, 35.2613767786035], [-97.4943363715407, 35.2619039076762]]}, "properties": {"loc_id": "52500-2", "on_road": "36th Ave NW", "from_road": "Tecumseh", "to_road": "Cascade Blv", "wards": [8], "ward_primary": 8, "shared_boundary": false, "functional_class": "Minor Arterial", "class_source": "acog", "lanes_final": 5, "lanes_source": "verified", "one_way": false, "divided": false, "vpd_max": 16927.0, "volume_year": 2024, "capacity_C": 24000.0, "capacity_E": 36000.0, "v_c_C": 0.7052916666666667, "v_c_E": 0.47019444444444447, "v_c": 0.47019444444444447, "capacity_los": "E", "collisions": 33, "collisions_by_year": {"2021": 6, "2022": 3, "2023": 10, "2024": 3, "2025": 11}, "combined": 33.470194444444445, "rank_combined_city": 59, "length_mi": 0.27711678512838966, "crashes_per_mi": 119.08336763040509, "crashes_per_mvmt": 3.8548567581631383, "geom_source": "clipped"}}, {"type": "Feature", "geometry": {"type": "LineString", "coordinates": [[-97.4323916684726, 35.2473955465016], [-97.4301788934919, 35.2473805113317], [-97.4285939701183, 35.247379172603], [-97.4264766428747, 35.247364342797], [-97.424687507152, 35.247351696506], [-97.42354637503269, 35.2473442961682], [-97.4234819036039, 35.2473445078873]]}, "properties": {"loc_id": "52500-200", "on_road": "E Rock Creek Rd", "from_road": "Wildwood Ln.", "to_road": "12th Ave.NE", "wards": [6], "ward_primary": 6, "shared_boundary": false, "functional_class": "Minor Arterial", "class_source": "override", "lanes_final": 4, "lanes_source": "verified", "one_way": false, "divided": false, "vpd_max": 7451.0, "volume_year": 2020, "capacity_C": 22000.0, "capacity_E": 34200.0, "v_c_C": 0.3386818181818182, "v_c_E": 0.2178654970760234, "v_c": 0.2178654970760234, "capacity_los": "E", "collisions": 5, "collisions_by_year": {"2022": 1, "2023": 2, "2024": 2}, "combined": 5.217865497076024, "rank_combined_city": 161, "length_mi": 0.503494913719695, "crashes_per_mi": 9.930586911119411, "crashes_per_mvmt": 0.7302935828137005, "geom_source": "clipped"}}, {"type": "Feature", "geometry": {"type": "LineString", "coordinates": [[-97.4610840478377, 35.2472129080689], [-97.4607889901636, 35.2473939689564], [-97.4604270695324, 35.2474286133726], [-97.45941562140301, 35.2474348189373], [-97.4590288499922, 35.2474284834387], [-97.4539668388462, 35.2474196897758], [-97.4528466000361, 35.2474176329933]]}, "properties": {"loc_id": "52500-201", "on_road": "W Rock Creek Rd", "from_road": "Flood Ave.", "to_road": "Research Park Blv", "wards": [8], "ward_primary": 8, "shared_boundary": false, "functional_class": "Minor Arterial", "class_source": "override", "lanes_final": 4, "lanes_source": "verified", "one_way": false, "divided": false, "vpd_max": 9504.0, "volume_year": 2020, "capacity_C": 22000.0, "capacity_E": 34200.0, "v_c_C": 0.432, "v_c_E": 0.27789473684210525, "v_c": 0.27789473684210525, "capacity_los": "E", "collisions": 40, "collisions_by_year": {"2021": 8, "2022": 7, "2023": 8, "2024": 10, "2025": 7}, "combined": 40.27789473684211, "rank_combined_city": 48, "length_mi": 0.4697629455794385, "crashes_per_mi": 85.14932984052457, "crashes_per_mvmt": 4.909213703272714, "geom_source": "clipped"}}, {"type": "Feature", "geometry": {"type": "LineString", "coordinates": [[-97.4528466000361, 35.2474176329933], [-97.4500517811722, 35.2474250916967], [-97.4499111124585, 35.2474263503506], [-97.4476990676075, 35.2474272603649], [-97.4466349062765, 35.247427800842], [-97.44343744125392, 35.2474236830962], [-97.441207000481, 35.2474209581176]]}, "properties": {"loc_id": "52500-202", "on_road": "W Rock Creek Rd", "from_road": "Research Park Blvd.", "to_road": "Porter", "wards": [8], "ward_primary": 8, "shared_boundary": false, "functional_class": "Minor Arterial", "class_source": "override", "lanes_final": 5, "lanes_source": "verified", "one_way": false, "divided": false, "vpd_max": 7848.0, "volume_year": 2020, "capacity_C": 24000.0, "capacity_E": 36000.0, "v_c_C": 0.327, "v_c_E": 0.218, "v_c": 0.218, "capacity_los": "E", "collisions": 19, "collisions_by_year": {"2021": 1, "2022": 3, "2023": 1, "2024": 9, "2025": 5}, "combined": 19.218, "rank_combined_city": 90, "length_mi": 0.6577419795991787, "crashes_per_mi": 28.886707233706456, "crashes_per_mvmt": 2.016861968756124, "geom_source": "clipped"}}, {"type": "Feature", "geometry": {"type": "LineString", "coordinates": [[-97.24132600011444, 35.3192140325422], [-97.23016499852127, 35.31924057946959]]}, "properties": {"loc_id": "52500-204", "on_road": "Stella Rd", "from_road": "Ridgeview Drive", "to_road": "Triplexxx", "wards": [5], "ward_primary": 5, "shared_boundary": false, "functional_class": "Collector", "class_source": "override", "lanes_final": 2, "lanes_source": "verified", "one_way": false, "divided": false, "vpd_max": 3322.0, "volume_year": 2020, "capacity_C": 10000.0, "capacity_E": 17100.0, "v_c_C": 0.3322, "v_c_E": 0.19426900584795323, "v_c": 0.19426900584795323, "capacity_los": "E", "collisions": 2, "collisions_by_year": {"2024": 2}, "combined": 2.194269005847953, "rank_combined_city": 191, "length_mi": 0.6306979110313597, "crashes_per_mi": 3.1710902557604244, "crashes_per_mvmt": 0.5230534924101546, "geom_source": "override"}}, {"type": "Feature", "geometry": {"type": "LineString", "coordinates": [[-97.37073538006858, 35.2907347932172], [-97.38827428093738, 35.2907390639388]]}, "properties": {"loc_id": "52500-205", "on_road": "E Indian Hills Rd E", "from_road": "36th Ave.NE", "to_road": "48th Ave.NE", "wards": [5], "ward_primary": 5, "shared_boundary": false, "functional_class": "Collector", "class_source": "override", "lanes_final": 2, "lanes_source": "verified", "one_way": false, "divided": false, "vpd_max": 1176.0, "volume_year": 2020, "capacity_C": 10000.0, "capacity_E": 17100.0, "v_c_C": 0.1176, "v_c_E": 0.0687719298245614, "v_c": 0.0687719298245614, "capacity_los": "E", "collisions": 3, "collisions_by_year": {"2021": 1, "2022": 1, "2025": 1}, "combined": 3.0687719298245613, "rank_combined_city": 185, "length_mi": 0.9911030183104769, "crashes_per_mi": 3.0269305456400173, "crashes_per_mvmt": 1.4103674147982561, "geom_source": "clipped"}}, {"type": "Feature", "geometry": {"type": "LineString", "coordinates": [[-97.4055407474547, 35.29069322053688], [-97.405946812323, 35.2906913733588], [-97.414773216435, 35.2907368293949], [-97.4167183504009, 35.2907430796209], [-97.4182017683959, 35.2907441363896], [-97.4231341498092, 35.290747859832855]]}, "properties": {"loc_id": "52500-206", "on_road": "E INDIAN HILLS RD E", "from_road": "Pyle", "to_road": "24TH AVE NE", "wards": [6], "ward_primary": 6, "shared_boundary": false, "functional_class": "Minor Arterial", "class_source": "city", "lanes_final": 2, "lanes_source": "verified", "one_way": false, "divided": false, "vpd_max": 2046.0, "volume_year": 2020, "capacity_C": 10000.0, "capacity_E": 17100.0, "v_c_C": 0.2046, "v_c_E": 0.11964912280701755, "v_c": 0.11964912280701755, "capacity_los": "E", "collisions": 1, "collisions_by_year": {"2021": 1}, "combined": 1.1196491228070176, "rank_combined_city": 196, "length_mi": 0.9941939075790623, "crashes_per_mi": 1.00584000000068, "crashes_per_mvmt": 0.2693769332745966, "geom_source": "fallback_window"}}, {"type": "Feature", "geometry": {"type": "LineString", "coordinates": [[-97.3530927900655, 35.2762445188248], [-97.353090522075, 35.2780350790157], [-97.3530862503153, 35.2790101843776], [-97.3530768889647, 35.290715138101]]}, "properties": {"loc_id": "52500-21", "on_road": "NE 60th Ave NE", "from_road": "Indian Hills Rd", "to_road": "Franklin", "wards": [5], "ward_primary": 5, "shared_boundary": false, "functional_class": "Collector", "class_source": "override", "lanes_final": 2, "lanes_source": "verified", "one_way": false, "divided": false, "vpd_max": 337.0, "volume_year": 2023, "capacity_C": 10000.0, "capacity_E": 17100.0, "v_c_C": 0.0337, "v_c_E": 0.019707602339181285, "v_c": 0.019707602339181285, "capacity_los": "E", "collisions": 7, "collisions_by_year": {"2021": 2, "2022": 4, "2025": 1}, "combined": 7.019707602339182, "rank_combined_city": 146, "length_mi": 0.9942407236324065, "crashes_per_mi": 7.040548464385834, "crashes_per_mvmt": 11.447580934735718, "geom_source": "clipped"}}, {"type": "Feature", "geometry": {"type": "LineString", "coordinates": [[-97.2084101167356, 35.2308901518252], [-97.2070346596956, 35.2315118222562], [-97.2055925031545, 35.2319285367796], [-97.2035993514258, 35.2321876423062], [-97.2035198021724, 35.2321900477693], [-97.1994589176184, 35.2321920206082], [-97.19440027992611, 35.232184583248]]}, "properties": {"loc_id": "52500-218", "on_road": "NE State Hwy 9 Hwy NE", "from_road": "156th Ave.NE", "to_road": "168th Ave.NE", "wards": [5], "ward_primary": 5, "shared_boundary": false, "functional_class": "Principal Arterial", "class_source": "city", "lanes_final": 2, "lanes_source": "verified", "one_way": false, "divided": false, "vpd_max": 7990.0, "volume_year": 2021, "capacity_C": 10000.0, "capacity_E": 17100.0, "v_c_C": 0.799, "v_c_E": 0.4672514619883041, "v_c": 0.4672514619883041, "capacity_los": "E", "collisions": 19, "collisions_by_year": {"2021": 3, "2022": 4, "2023": 5, "2024": 4, "2025": 3}, "combined": 19.467251461988305, "rank_combined_city": 89, "length_mi": 0.8089278886616033, "crashes_per_mi": 23.48787854432377, "crashes_per_mvmt": 1.610772269742916, "geom_source": "clipped"}}, {"type": "Feature", "geometry": {"type": "LineString", "coordinates": [[-97.4462933392441, 35.216120278749], [-97.4476764842545, 35.2155409635206], [-97.4483680638233, 35.2152490674044], [-97.4490193460829, 35.2149750178484], [-97.4500859018948, 35.2148031003156], [-97.4508233556329, 35.2147851031149], [-97.4515624418959, 35.2147734616154], [-97.4530370542106, 35.2147820885361]]}, "properties": {"loc_id": "52500-219", "on_road": "W Symmes St", "from_road": "Flood", "to_road": "University", "wards": [4], "ward_primary": 4, "shared_boundary": false, "functional_class": "Collector", "class_source": "acog", "lanes_final": 2, "lanes_source": "verified", "one_way": false, "divided": false, "vpd_max": 2274.0, "volume_year": 2025, "capacity_C": 10000.0, "capacity_E": 17100.0, "v_c_C": 0.2274, "v_c_E": 0.13298245614035087, "v_c": 0.13298245614035087, "capacity_los": "E", "collisions": 8, "collisions_by_year": {"2021": 2, "2022": 2, "2023": 1, "2024": 2, "2025": 1}, "combined": 8.13298245614035, "rank_combined_city": 138, "length_mi": 0.4011883360603471, "crashes_per_mi": 19.94075919195376, "crashes_per_mvmt": 4.804944324033146, "geom_source": "clipped"}}, {"type": "Feature", "geometry": {"type": "LineString", "coordinates": [[-97.5002292536903, 35.2618915780952], [-97.5029642162021, 35.2618909780081], [-97.5031057377484, 35.2618908617554], [-97.50586083433461, 35.2618842683856], [-97.50627798329961, 35.2618636215556], [-97.5067970573408, 35.2618830448283], [-97.50968279400108, 35.2618753444612], [-97.5119430859927, 35.2618510186033]]}, "properties": {"loc_id": "52500-222", "on_road": "W Tecumseh Rd", "from_road": "48th Ave.NW", "to_road": "Castlerock Rd", "wards": [8], "ward_primary": 8, "shared_boundary": false, "functional_class": "Minor Arterial", "class_source": "override", "lanes_final": 5, "lanes_source": "verified", "one_way": false, "divided": false, "vpd_max": 6466.0, "volume_year": 2026, "capacity_C": 24000.0, "capacity_E": 36000.0, "v_c_C": 0.2694166666666667, "v_c_E": 0.1796111111111111, "v_c": 0.1796111111111111, "capacity_los": "E", "collisions": 6, "collisions_by_year": {"2021": 2, "2022": 1, "2024": 1, "2025": 2}, "combined": 6.179611111111111, "rank_combined_city": 151, "length_mi": 0.6620205476591381, "crashes_per_mi": 9.06316279942611, "crashes_per_mvmt": 0.7680353545353025, "geom_source": "clipped"}}, {"type": "Feature", "geometry": {"type": "LineString", "coordinates": [[-97.4943363715407, 35.2619039076762], [-97.49492341650449, 35.2618997934365], [-97.5002292536903, 35.2618915780952]]}, "properties": {"loc_id": "52500-223", "on_road": "W Tecumseh Rd", "from_road": "Castlerock Rd ", "to_road": "36TH AVE NW", "wards": [8], "ward_primary": 8, "shared_boundary": false, "functional_class": "Minor Arterial", "class_source": "city", "lanes_final": 5, "lanes_source": "verified", "one_way": false, "divided": false, "vpd_max": 9358.0, "volume_year": 2026, "capacity_C": 24000.0, "capacity_E": 36000.0, "v_c_C": 0.3899166666666667, "v_c_E": 0.2599444444444444, "v_c": 0.2599444444444444, "capacity_los": "E", "collisions": 20, "collisions_by_year": {"2021": 5, "2022": 1, "2023": 2, "2024": 5, "2025": 7}, "combined": 20.259944444444443, "rank_combined_city": 88, "length_mi": 0.33300168094835914, "crashes_per_mi": 60.05975688483548, "crashes_per_mvmt": 3.5167189385880646, "geom_source": "clipped"}}, {"type": "Feature", "geometry": {"type": "LineString", "coordinates": [[-97.5119430859927, 35.2618510186033], [-97.5207006011074, 35.2618574480994], [-97.5251764240471, 35.2618732522237], [-97.5259638995856, 35.2618733612486], [-97.5268855612935, 35.2618734818118], [-97.52961969528769, 35.2618705682125]]}, "properties": {"loc_id": "52500-224", "on_road": "W Tecumseh Rd", "from_road": "60TH AVE NW", "to_road": "48TH AVE NW", "wards": [3], "ward_primary": 3, "shared_boundary": false, "functional_class": "Minor Arterial", "class_source": "override", "lanes_final": 5, "lanes_source": "verified", "one_way": false, "divided": false, "vpd_max": 3806.0, "volume_year": 2026, "capacity_C": 24000.0, "capacity_E": 36000.0, "v_c_C": 0.15858333333333333, "v_c_E": 0.10572222222222222, "v_c": 0.10572222222222222, "capacity_los": "E", "collisions": 9, "collisions_by_year": {"2022": 1, "2023": 1, "2024": 3, "2025": 4}, "combined": 9.105722222222223, "rank_combined_city": 133, "length_mi": 0.998887377613726, "crashes_per_mi": 9.010024755243567, "crashes_per_mvmt": 1.2971623399597703, "geom_source": "clipped"}}, {"type": "Feature", "geometry": {"type": "LineString", "coordinates": [[-97.4766839561775, 35.2620180543638], [-97.477058349375, 35.2620149155007], [-97.4809047733023, 35.2619798594271], [-97.48109987666021, 35.2619817115445], [-97.4824481560288, 35.2619724499546], [-97.4833535161903, 35.2619522149699], [-97.4849117616159, 35.2619495303326], [-97.48548032137478, 35.261948544249385]]}, "properties": {"loc_id": "52500-226", "on_road": "W Tecumseh Rd", "from_road": "I-35", "to_road": "24th Ave.NW", "wards": [8], "ward_primary": 8, "shared_boundary": false, "functional_class": "Principal Arterial", "class_source": "city", "lanes_final": 5, "lanes_source": "verified", "one_way": false, "divided": false, "vpd_max": 19844.0, "volume_year": 2026, "capacity_C": 24000.0, "capacity_E": 36000.0, "v_c_C": 0.8268333333333333, "v_c_E": 0.5512222222222222, "v_c": 0.5512222222222222, "capacity_los": "E", "collisions": 48, "collisions_by_year": {"2021": 8, "2022": 12, "2023": 7, "2024": 12, "2025": 9}, "combined": 48.55122222222222, "rank_combined_city": 34, "length_mi": 0.49710939714494806, "crashes_per_mi": 96.5582229498753, "crashes_per_mvmt": 2.6662273389941626, "geom_source": "clipped"}}, {"type": "Feature", "geometry": {"type": "LineString", "coordinates": [[-97.4712735122803, 35.2619576356719], [-97.47178222678332, 35.2619570115357], [-97.4743737182236, 35.2620007314539], [-97.4766839561775, 35.2620180543638], [-97.477058349375, 35.2620149155007], [-97.48076620420922, 35.26198112233738]]}, "properties": {"loc_id": "52500-228", "on_road": "W Tecumseh Rd", "from_road": "US 77", "to_road": "Wellsite Dr", "wards": [8], "ward_primary": 8, "shared_boundary": false, "functional_class": "Principal Arterial", "class_source": "override", "lanes_final": 5, "lanes_source": "verified", "one_way": false, "divided": false, "vpd_max": 18741.0, "volume_year": 2025, "capacity_C": 24000.0, "capacity_E": 36000.0, "v_c_C": 0.780875, "v_c_E": 0.5205833333333333, "v_c": 0.5205833333333333, "capacity_los": "E", "collisions": 64, "collisions_by_year": {"2021": 13, "2022": 17, "2023": 12, "2024": 9, "2025": 13}, "combined": 64.52058333333333, "rank_combined_city": 18, "length_mi": 0.53647125278066, "crashes_per_mi": 119.29809783520096, "crashes_per_mvmt": 3.488011351134783, "geom_source": "fallback_window"}}, {"type": "Feature", "geometry": {"type": "LineString", "coordinates": [[-97.52956167143732, 35.2342076391408], [-97.529628280654, 35.2400192090243], [-97.5296151183772, 35.2473478497814]]}, "properties": {"loc_id": "52500-23", "on_road": "60th Ave NW", "from_road": "Rock Creek", "to_road": "Robinson", "wards": [3], "ward_primary": 3, "shared_boundary": false, "functional_class": "Collector", "class_source": "override", "lanes_final": 2, "lanes_source": "verified", "one_way": false, "divided": false, "vpd_max": 3519.0, "volume_year": 2018, "capacity_C": 10000.0, "capacity_E": 17100.0, "v_c_C": 0.3519, "v_c_E": 0.20578947368421052, "v_c": 0.20578947368421052, "capacity_los": "E", "collisions": 2, "collisions_by_year": {"2022": 1, "2023": 1}, "combined": 2.2057894736842103, "rank_combined_city": 189, "length_mi": 0.9028492888420597, "crashes_per_mi": 2.215209143671232, "crashes_per_mvmt": 0.3449312956547014, "geom_source": "clipped"}}, {"type": "Feature", "geometry": {"type": "LineString", "coordinates": [[-97.4495628092432, 35.2619113225399], [-97.446159617693, 35.2619077314223], [-97.44583286466671, 35.2619061766938], [-97.44548636404832, 35.2619045276157], [-97.4439363738369, 35.2618973618801], [-97.4412549743727, 35.261901357799]]}, "properties": {"loc_id": "52500-231", "on_road": "W Tecumseh Rd", "from_road": "Charleston Rd ", "to_road": "Porter", "wards": [6, 8], "ward_primary": 6, "shared_boundary": true, "functional_class": "Principal Arterial", "class_source": "override", "lanes_final": 4, "lanes_source": "verified", "one_way": false, "divided": false, "vpd_max": 14821.0, "volume_year": 2025, "capacity_C": 22000.0, "capacity_E": 34200.0, "v_c_C": 0.6736818181818182, "v_c_E": 0.4333625730994152, "v_c": 0.4333625730994152, "capacity_los": "E", "collisions": 20, "collisions_by_year": {"2021": 4, "2022": 1, "2023": 6, "2024": 3, "2025": 6}, "combined": 20.433362573099416, "rank_combined_city": 85, "length_mi": 0.4694685541136262, "crashes_per_mi": 42.60136238040636, "crashes_per_mvmt": 1.575009261401819, "geom_source": "clipped"}}, {"type": "Feature", "geometry": {"type": "LineString", "coordinates": [[-97.4462933392441, 35.216120278749], [-97.44659073729161, 35.2165790559282], [-97.4468881364095, 35.2170380008588]]}, "properties": {"loc_id": "52500-233", "on_road": "S University Blvd", "from_road": "Eufala ", "to_road": "Symmes", "wards": [4], "ward_primary": 4, "shared_boundary": false, "functional_class": "Collector", "class_source": "city", "lanes_final": 2, "lanes_source": "verified", "one_way": false, "divided": false, "vpd_max": 4067.0, "volume_year": 2026, "capacity_C": 10000.0, "capacity_E": 17100.0, "v_c_C": 0.4067, "v_c_E": 0.2378362573099415, "v_c": 0.2378362573099415, "capacity_los": "E", "collisions": 3, "collisions_by_year": {"2022": 1, "2023": 1, "2024": 1}, "combined": 3.2378362573099415, "rank_combined_city": 181, "length_mi": 0.07145331042367133, "crashes_per_mi": 41.985458507268106, "crashes_per_mvmt": 5.656683228156879, "geom_source": "clipped"}}, {"type": "Feature", "geometry": {"type": "LineString", "coordinates": [[-97.44808829357771, 35.2189270609108], [-97.44839139877992, 35.2194116144445], [-97.4486862283185, 35.2198823923124]]}, "properties": {"loc_id": "52500-234", "on_road": "N University Blvd", "from_road": "Gray", "to_road": "Main(Nrm)", "wards": [4], "ward_primary": 4, "shared_boundary": false, "functional_class": "Minor Arterial", "class_source": "override", "lanes_final": 2, "lanes_source": "verified", "one_way": false, "divided": false, "vpd_max": 3840.0, "volume_year": 2025, "capacity_C": 10000.0, "capacity_E": 17100.0, "v_c_C": 0.384, "v_c_E": 0.22456140350877193, "v_c": 0.22456140350877193, "capacity_los": "E", "collisions": 5, "collisions_by_year": {"2022": 1, "2024": 1, "2025": 3}, "combined": 5.224561403508772, "rank_combined_city": 160, "length_mi": 0.07382461201254582, "crashes_per_mi": 67.72809045241301, "crashes_per_mvmt": 9.66439646866624, "geom_source": "clipped"}}, {"type": "Feature", "geometry": {"type": "LineString", "coordinates": [[-97.44567304885818, 35.2111347718541], [-97.4456603940769, 35.2130259424168], [-97.44566620992659, 35.2147832606351], [-97.4457406361199, 35.2151675410631], [-97.4460160578701, 35.2156576424743], [-97.4462933392441, 35.216120278749]]}, "properties": {"loc_id": "52500-236", "on_road": "S University Blvd", "from_road": "Symmes", "to_road": "Boyd", "wards": [4], "ward_primary": 4, "shared_boundary": false, "functional_class": "Collector", "class_source": "acog", "lanes_final": 2, "lanes_source": "verified", "one_way": false, "divided": false, "vpd_max": 3654.0, "volume_year": 2018, "capacity_C": 10000.0, "capacity_E": 17100.0, "v_c_C": 0.3654, "v_c_E": 0.21368421052631578, "v_c": 0.21368421052631578, "capacity_los": "E", "collisions": 5, "collisions_by_year": {"2022": 1, "2024": 1, "2025": 3}, "combined": 5.213684210526316, "rank_combined_city": 162, "length_mi": 0.34995186751588603, "crashes_per_mi": 14.287679147113069, "crashes_per_mvmt": 2.142546602651711, "geom_source": "clipped"}}, {"type": "Feature", "geometry": {"type": "LineString", "coordinates": [[-97.41276512582276, 35.17511575733106], [-97.4107377304837, 35.1718748083528], [-97.4083150551215, 35.1680015903509], [-97.4079752139254, 35.1674494394653]]}, "properties": {"loc_id": "52500-237", "on_road": "Classen Blvd", "from_road": "Cedar Ln ", "to_road": "Post Oak", "wards": [5, 7], "ward_primary": 5, "shared_boundary": true, "functional_class": "Principal Arterial", "class_source": "acog", "lanes_final": 4, "lanes_source": "verified", "one_way": false, "divided": true, "vpd_max": 22012.0, "volume_year": 2026, "capacity_C": 26000.0, "capacity_E": 38000.0, "v_c_C": 0.8466153846153847, "v_c_E": 0.5792631578947368, "v_c": 0.5792631578947368, "capacity_los": "E", "collisions": 61, "collisions_by_year": {"2021": 11, "2022": 11, "2023": 12, "2024": 8, "2025": 19}, "combined": 61.57926315789474, "rank_combined_city": 21, "length_mi": 0.5922100460286757, "crashes_per_mi": 103.00399395292645, "crashes_per_mvmt": 2.564080711963498, "geom_source": "fallback_window"}}, {"type": "Feature", "geometry": {"type": "LineString", "coordinates": [[-97.5296151183772, 35.2473478497814], [-97.5295992913729, 35.2551447063465], [-97.52961700803678, 35.2617537971849], [-97.52961969528769, 35.2618705682125]]}, "properties": {"loc_id": "52500-24", "on_road": "60th Ave NW", "from_road": "Tecumseh ", "to_road": "Rockcreek", "wards": [3], "ward_primary": 3, "shared_boundary": false, "functional_class": "Collector", "class_source": "override", "lanes_final": 2, "lanes_source": "verified", "one_way": false, "divided": false, "vpd_max": 4089.0, "volume_year": 2026, "capacity_C": 10000.0, "capacity_E": 17100.0, "v_c_C": 0.4089, "v_c_E": 0.23912280701754385, "v_c": 0.23912280701754385, "capacity_los": "E", "collisions": 23, "collisions_by_year": {"2021": 2, "2022": 6, "2023": 7, "2024": 2, "2025": 6}, "combined": 23.239122807017544, "rank_combined_city": 78, "length_mi": 0.9978229377659035, "crashes_per_mi": 23.050181680024647, "crashes_per_mvmt": 3.088832608706237, "geom_source": "clipped"}}, {"type": "Feature", "geometry": {"type": "LineString", "coordinates": [[-97.4534689398781, 35.2329176532939], [-97.4534618289326, 35.2340213492312], [-97.45351160452842, 35.2343806583985], [-97.45351008342661, 35.2348753900353], [-97.4537067923945, 35.2351953572963], [-97.4539731441474, 35.2358276448699], [-97.454842321861, 35.2379258217545], [-97.4560855592692, 35.2399574940097], [-97.4561153834306, 35.2400053618575], [-97.45683595300869, 35.2411486438907], [-97.4586437369234, 35.2440167754649], [-97.45898315163872, 35.2445552488001], [-97.4606418541901, 35.2467174784633], [-97.4610840478377, 35.2472129080689]]}, "properties": {"loc_id": "52500-240", "on_road": "Flood Ave.", "from_road": "Rock Creek Rd.", "to_road": "Robinson St.", "wards": [8], "ward_primary": 8, "shared_boundary": false, "functional_class": "Principal Arterial", "class_source": "acog", "lanes_final": 4, "lanes_source": "verified", "one_way": false, "divided": false, "vpd_max": 21086.0, "volume_year": 2018, "capacity_C": 22000.0, "capacity_E": 34200.0, "v_c_C": 0.9584545454545454, "v_c_E": 0.6165497076023392, "v_c": 0.6165497076023392, "capacity_los": "E", "collisions": 81, "collisions_by_year": {"2021": 15, "2022": 14, "2023": 15, "2024": 20, "2025": 17}, "combined": 81.61654970760235, "rank_combined_city": 12, "length_mi": 1.0875537525700956, "crashes_per_mi": 74.47907729487545, "crashes_per_mvmt": 1.9354288775614397, "geom_source": "clipped"}}, {"type": "Feature", "geometry": {"type": "LineString", "coordinates": [[-97.4534689398781, 35.2329176532939], [-97.4534618289326, 35.2340213492312], [-97.45351160452842, 35.2343806583985], [-97.45351008342661, 35.2348753900353], [-97.4537067923945, 35.2351953572963], [-97.4539731441474, 35.2358276448699], [-97.454842321861, 35.2379258217545], [-97.4560855592692, 35.2399574940097], [-97.4561153834306, 35.2400053618575], [-97.45683595300869, 35.2411486438907], [-97.4586437369234, 35.2440167754649], [-97.45898315163872, 35.2445552488001], [-97.4606418541901, 35.2467174784633], [-97.4610840478377, 35.2472129080689]]}, "properties": {"loc_id": "52500-241", "on_road": "Flood Ave.", "from_road": "Rock Creek", "to_road": "Robinson", "wards": [8], "ward_primary": 8, "shared_boundary": false, "functional_class": "Principal Arterial", "class_source": "acog", "lanes_final": 4, "lanes_source": "verified", "one_way": false, "divided": false, "vpd_max": 20765.0, "volume_year": 2022, "capacity_C": 22000.0, "capacity_E": 34200.0, "v_c_C": 0.9438636363636363, "v_c_E": 0.6071637426900585, "v_c": 0.6071637426900585, "capacity_los": "E", "collisions": 26, "collisions_by_year": {"2021": 1, "2022": 1, "2024": 3, "2025": 21}, "combined": 26.60716374269006, "rank_combined_city": 72, "length_mi": 1.0875537525700956, "crashes_per_mi": 23.9068643168736, "crashes_per_mvmt": 0.6308524767868379, "geom_source": "clipped"}}, {"type": "Feature", "geometry": {"type": "LineString", "coordinates": [[-97.4610840478377, 35.2472129080689], [-97.4613001327819, 35.247458880953], [-97.4625706739395, 35.2488660499392], [-97.4678669071206, 35.2547311515228], [-97.4695676398579, 35.2566741621631], [-97.46963664964862, 35.2567508700312], [-97.47114995339041, 35.2584224359661], [-97.4712314407636, 35.2585127600539], [-97.47255684696368, 35.2599822594644], [-97.4726167005173, 35.2600508555937], [-97.4743737182236, 35.2620007314539]]}, "properties": {"loc_id": "52500-243", "on_road": "Flood Ave.", "from_road": "Tecumseh Rd.", "to_road": "Rock Creek Rd.", "wards": [8], "ward_primary": 8, "shared_boundary": false, "functional_class": "Principal Arterial", "class_source": "acog", "lanes_final": 4, "lanes_source": "verified", "one_way": false, "divided": false, "vpd_max": 24837.0, "volume_year": 2026, "capacity_C": 22000.0, "capacity_E": 34200.0, "v_c_C": 1.1289545454545455, "v_c_E": 0.7262280701754386, "v_c": 0.7262280701754386, "capacity_los": "E", "collisions": 125, "collisions_by_year": {"2021": 23, "2022": 30, "2023": 23, "2024": 22, "2025": 27}, "combined": 125.72622807017544, "rank_combined_city": 4, "length_mi": 1.2634662842804951, "crashes_per_mi": 98.9341793724109, "crashes_per_mvmt": 2.182651255995356, "geom_source": "clipped"}}, {"type": "Feature", "geometry": {"type": "LineString", "coordinates": [[-97.44552671298439, 35.217618781357], [-97.44522934814249, 35.2171553661824], [-97.444932806239, 35.2166947012798]]}, "properties": {"loc_id": "52500-244", "on_road": "Webster", "from_road": "Eufaula ", "to_road": "Symmes", "wards": [4], "ward_primary": 4, "shared_boundary": false, "functional_class": "Collector", "class_source": "acog", "lanes_final": 2, "lanes_source": "verified", "one_way": false, "divided": false, "vpd_max": 3548.0, "volume_year": 2026, "capacity_C": 10000.0, "capacity_E": 17100.0, "v_c_C": 0.3548, "v_c_E": 0.20748538011695905, "v_c": 0.20748538011695905, "capacity_los": "E", "collisions": 13, "collisions_by_year": {"2021": 4, "2022": 5, "2023": 2, "2024": 2}, "combined": 13.207485380116958, "rank_combined_city": 112, "length_mi": 0.07181558383105022, "crashes_per_mi": 181.0192065079239, "crashes_per_mvmt": 27.956202453695525, "geom_source": "clipped"}}, {"type": "Feature", "geometry": {"type": "LineString", "coordinates": [[-97.4473047753289, 35.2204495358108], [-97.44700654086121, 35.2199878386896], [-97.4466958872528, 35.2195066829708]]}, "properties": {"loc_id": "52500-245", "on_road": "N Webster Ave", "from_road": "Gray", "to_road": "Main(Nrm)", "wards": [4], "ward_primary": 4, "shared_boundary": false, "functional_class": "Collector", "class_source": "acog", "lanes_final": 2, "lanes_source": "verified", "one_way": false, "divided": false, "vpd_max": 3078.0, "volume_year": 2018, "capacity_C": 10000.0, "capacity_E": 17100.0, "v_c_C": 0.3078, "v_c_E": 0.18, "v_c": 0.18, "capacity_los": "E", "collisions": 5, "collisions_by_year": {"2021": 2, "2022": 1, "2023": 1, "2024": 1}, "combined": 5.18, "rank_combined_city": 163, "length_mi": 0.07335165948068037, "crashes_per_mi": 68.16478366541821, "crashes_per_mvmt": 12.134686936975301, "geom_source": "clipped"}}, {"type": "Feature", "geometry": {"type": "LineString", "coordinates": [[-97.49429323362982, 35.2183784189031], [-97.4943265489101, 35.2214214331459], [-97.4943443043938, 35.2230374708555], [-97.4943447220432, 35.2231059852012], [-97.494346406002, 35.2235158636401], [-97.4943454107032, 35.2238160089761], [-97.4943458802913, 35.2240133048639], [-97.4943515788409, 35.2245878705593], [-97.4943547214708, 35.2251701521098]]}, "properties": {"loc_id": "52500-247", "on_road": "36th Ave.NW", "from_road": "Quail Dr", "to_road": "Main(Nrm)", "wards": [3], "ward_primary": 3, "shared_boundary": false, "functional_class": "Minor Arterial", "class_source": "acog", "lanes_final": 5, "lanes_source": "verified", "one_way": false, "divided": false, "vpd_max": 16101.0, "volume_year": 2024, "capacity_C": 24000.0, "capacity_E": 36000.0, "v_c_C": 0.670875, "v_c_E": 0.44725, "v_c": 0.44725, "capacity_los": "E", "collisions": 25, "collisions_by_year": {"2021": 6, "2022": 5, "2023": 5, "2024": 6, "2025": 3}, "combined": 25.44725, "rank_combined_city": 74, "length_mi": 0.46665803606484896, "crashes_per_mi": 53.57241934761386, "crashes_per_mvmt": 1.8231631779056983, "geom_source": "clipped"}}, {"type": "Feature", "geometry": {"type": "LineString", "coordinates": [[-97.35303056382939, 35.1603278039564], [-97.35302531332471, 35.1691449942679], [-97.35300781570058, 35.1716007651737], [-97.3529983148015, 35.1748538457135]]}, "properties": {"loc_id": "52500-25", "on_road": "60th Ave.SE", "from_road": "Cedar Lane Rd.", "to_road": "Post Oak Rd.", "wards": [5], "ward_primary": 5, "shared_boundary": false, "functional_class": "Minor Arterial", "class_source": "acog", "lanes_final": 2, "lanes_source": "verified", "one_way": false, "divided": false, "vpd_max": 979.0, "volume_year": 2025, "capacity_C": 10000.0, "capacity_E": 17100.0, "v_c_C": 0.0979, "v_c_E": 0.057251461988304095, "v_c": 0.057251461988304095, "capacity_los": "E", "collisions": 4, "collisions_by_year": {"2024": 1, "2025": 3}, "combined": 4.057251461988304, "rank_combined_city": 178, "length_mi": 0.998051602610078, "crashes_per_mi": 4.007808804213436, "crashes_per_mvmt": 2.2431661069939612, "geom_source": "clipped"}}, {"type": "Feature", "geometry": {"type": "LineString", "coordinates": [[-97.51201906687952, 35.2763803080889], [-97.52967048898219, 35.2763666004469]]}, "properties": {"loc_id": "52500-250", "on_road": "W Franklin Rd", "from_road": "60th Ave Nw ", "to_road": "48th Ave Nw", "wards": [3], "ward_primary": 3, "shared_boundary": false, "functional_class": "Minor Arterial", "class_source": "acog", "lanes_final": 2, "lanes_source": "verified", "one_way": false, "divided": false, "vpd_max": 665.0, "volume_year": 2026, "capacity_C": 10000.0, "capacity_E": 17100.0, "v_c_C": 0.0665, "v_c_E": 0.03888888888888889, "v_c": 0.03888888888888889, "capacity_los": "E", "collisions": 10, "collisions_by_year": {"2021": 3, "2022": 3, "2023": 3, "2025": 1}, "combined": 10.03888888888889, "rank_combined_city": 127, "length_mi": 0.9974618641191751, "crashes_per_mi": 10.025445944071919, "crashes_per_mvmt": 8.26074441781598, "geom_source": "clipped"}}, {"type": "Feature", "geometry": {"type": "LineString", "coordinates": [[-97.42360478519528, 35.2038305403237], [-97.4236001239016, 35.2045005386467], [-97.42360211991058, 35.2046949254174], [-97.42360470373679, 35.2050452298507], [-97.42360884361568, 35.2055325681676], [-97.4236202018716, 35.20702737135], [-97.42361706723831, 35.2074779281062], [-97.42361340623968, 35.2083651454646], [-97.42362085369311, 35.2099409764866], [-97.4236203490419, 35.2110960780918], [-97.4236127933665, 35.2115806122704]]}, "properties": {"loc_id": "52500-254", "on_road": "12th Ave.SE", "from_road": "Boyd ", "to_road": "Lindsey", "wards": [1, 4], "ward_primary": 4, "shared_boundary": true, "functional_class": "Principal Arterial", "class_source": "city", "lanes_final": 4, "lanes_source": "verified", "one_way": false, "divided": false, "vpd_max": 25648.0, "volume_year": 2026, "capacity_C": 22000.0, "capacity_E": 34200.0, "v_c_C": 1.1658181818181819, "v_c_E": 0.7499415204678362, "v_c": 0.7499415204678362, "capacity_los": "E", "collisions": 153, "collisions_by_year": {"2021": 30, "2022": 32, "2023": 26, "2024": 44, "2025": 21}, "combined": 153.74994152046784, "rank_combined_city": 2, "length_mi": 0.5324969685662229, "crashes_per_mi": 287.3255793586222, "crashes_per_mvmt": 6.138438615921821, "geom_source": "clipped"}}, {"type": "Feature", "geometry": {"type": "LineString", "coordinates": [[-97.4236247684561, 35.2541245927974], [-97.4236271753499, 35.2546206700999], [-97.42363805636809, 35.2560593638602], [-97.4236816825523, 35.2618268434761], [-97.42369786550181, 35.2646644908766], [-97.4237103444336, 35.2668523592938], [-97.42370960717119, 35.2691235354477], [-97.42370808644, 35.2728308692033], [-97.42370063798002, 35.2742553359938], [-97.4236991793403, 35.2745343122255], [-97.423695453575, 35.2752469062438], [-97.4236949825726, 35.2753145575233], [-97.4237501822655, 35.276288395719]]}, "properties": {"loc_id": "52500-255", "on_road": "12th Ave NE", "from_road": "Franklin ", "to_road": "Kinston Rd", "wards": [6], "ward_primary": 6, "shared_boundary": false, "functional_class": "Principal Arterial", "class_source": "city", "lanes_final": 5, "lanes_source": "verified", "one_way": false, "divided": false, "vpd_max": 16016.0, "volume_year": 2026, "capacity_C": 24000.0, "capacity_E": 36000.0, "v_c_C": 0.6673333333333333, "v_c_E": 0.4448888888888889, "v_c": 0.4448888888888889, "capacity_los": "E", "collisions": 38, "collisions_by_year": {"2021": 11, "2022": 5, "2023": 4, "2024": 11, "2025": 7}, "combined": 38.44488888888889, "rank_combined_city": 52, "length_mi": 1.5229074005207839, "crashes_per_mi": 24.95227220447235, "crashes_per_mvmt": 0.8536761938223539, "geom_source": "clipped"}}, {"type": "Feature", "geometry": {"type": "LineString", "coordinates": [[-97.4234819036039, 35.2473445078873], [-97.42355024286239, 35.2495547263643], [-97.4236200618359, 35.2517936220948], [-97.4236247684561, 35.2541245927974]]}, "properties": {"loc_id": "52500-256", "on_road": "12th Ave NE", "from_road": "Kinston Rd ", "to_road": "Rock Creek", "wards": [6], "ward_primary": 6, "shared_boundary": false, "functional_class": "Principal Arterial", "class_source": "acog", "lanes_final": 4, "lanes_source": "verified", "one_way": false, "divided": false, "vpd_max": 16483.0, "volume_year": 2026, "capacity_C": 22000.0, "capacity_E": 34200.0, "v_c_C": 0.7492272727272727, "v_c_E": 0.48195906432748536, "v_c": 0.48195906432748536, "capacity_los": "E", "collisions": 31, "collisions_by_year": {"2021": 8, "2022": 2, "2023": 8, "2024": 9, "2025": 4}, "combined": 31.481959064327484, "rank_combined_city": 62, "length_mi": 0.4659425744413182, "crashes_per_mi": 66.53180391847667, "crashes_per_mvmt": 2.2117201340185835, "geom_source": "clipped"}}, {"type": "Feature", "geometry": {"type": "LineString", "coordinates": [[-97.4237501822655, 35.276288395719], [-97.4237169975589, 35.2905586281699], [-97.4237160042139, 35.2907446988143]]}, "properties": {"loc_id": "52500-257", "on_road": "12th Ave NE", "from_road": "Ind Hills ", "to_road": "Franklin", "wards": [6], "ward_primary": 6, "shared_boundary": false, "functional_class": "Principal Arterial", "class_source": "acog", "lanes_final": 4, "lanes_source": "verified", "one_way": false, "divided": false, "vpd_max": 12954.0, "volume_year": 2026, "capacity_C": 22000.0, "capacity_E": 34200.0, "v_c_C": 0.5888181818181818, "v_c_E": 0.3787719298245614, "v_c": 0.3787719298245614, "capacity_los": "E", "collisions": 14, "collisions_by_year": {"2021": 3, "2022": 3, "2023": 2, "2024": 4, "2025": 2}, "combined": 14.37877192982456, "rank_combined_city": 104, "length_mi": 0.993258335540767, "crashes_per_mi": 14.095023921825812, "crashes_per_mvmt": 0.5962097251105941, "geom_source": "clipped"}}, {"type": "Feature", "geometry": {"type": "LineString", "coordinates": [[-97.42360393416742, 35.218386687299], [-97.4213818166863, 35.21838260799], [-97.419676121318, 35.2183762894587], [-97.4196008173843, 35.2183730155208], [-97.41815454862031, 35.2183716764818], [-97.41652332278599, 35.2183685851057], [-97.414815968755, 35.2183601316797], [-97.41358225801372, 35.2183631841572], [-97.4135035871327, 35.2183626378053], [-97.4133269959341, 35.2183612818796]]}, "properties": {"loc_id": "52500-26", "on_road": "E Alameda St", "from_road": "12 th E", "to_road": "Crestland Dr", "wards": [1, 6], "ward_primary": 6, "shared_boundary": true, "functional_class": "Principal Arterial", "class_source": "override", "lanes_final": 5, "lanes_source": "verified", "one_way": false, "divided": false, "vpd_max": 15625.0, "volume_year": 2018, "capacity_C": 24000.0, "capacity_E": 36000.0, "v_c_C": 0.6510416666666666, "v_c_E": 0.4340277777777778, "v_c": 0.4340277777777778, "capacity_los": "E", "collisions": 39, "collisions_by_year": {"2021": 8, "2022": 9, "2023": 6, "2024": 10, "2025": 6}, "combined": 39.43402777777778, "rank_combined_city": 50, "length_mi": 0.5807480623278332, "crashes_per_mi": 67.154765602962, "crashes_per_mvmt": 2.355016437583325, "geom_source": "clipped"}}, {"type": "Feature", "geometry": {"type": "LineString", "coordinates": [[-97.4235951528294, 35.2200094862218], [-97.4235529624317, 35.2257286177721]]}, "properties": {"loc_id": "52500-260", "on_road": "12th Ave NE", "from_road": "Main ", "to_road": "Morren", "wards": [4, 6], "ward_primary": 4, "shared_boundary": true, "functional_class": "Principal Arterial", "class_source": "acog", "lanes_final": 5, "lanes_source": "verified", "one_way": false, "divided": false, "vpd_max": 29131.0, "volume_year": 2026, "capacity_C": 24000.0, "capacity_E": 36000.0, "v_c_C": 1.2137916666666666, "v_c_E": 0.8091944444444444, "v_c": 0.8091944444444444, "capacity_los": "E", "collisions": 88, "collisions_by_year": {"2021": 19, "2022": 13, "2023": 18, "2024": 17, "2025": 21}, "combined": 88.80919444444444, "rank_combined_city": 9, "length_mi": 0.39295445331418866, "crashes_per_mi": 223.9445290867824, "crashes_per_mvmt": 4.212328138630879, "geom_source": "clipped"}}, {"type": "Feature", "geometry": {"type": "LineString", "coordinates": [[-97.42360393416742, 35.218386687299], [-97.4236001108087, 35.2189361443222], [-97.4235951528294, 35.2200094862218]]}, "properties": {"loc_id": "52500-261", "on_road": "12th Ave NE", "from_road": "Morren ", "to_road": "Alameda", "wards": [4, 6], "ward_primary": 6, "shared_boundary": true, "functional_class": "Principal Arterial", "class_source": "city", "lanes_final": 4, "lanes_source": "verified", "one_way": false, "divided": true, "vpd_max": 27604.0, "volume_year": 2026, "capacity_C": 26000.0, "capacity_E": 38000.0, "v_c_C": 1.0616923076923077, "v_c_E": 0.726421052631579, "v_c": 0.726421052631579, "capacity_los": "E", "collisions": 148, "collisions_by_year": {"2021": 29, "2022": 30, "2023": 31, "2024": 27, "2025": 31}, "combined": 148.72642105263157, "rank_combined_city": 3, "length_mi": 0.11149960450803718, "crashes_per_mi": 1327.3589682493607, "crashes_per_mvmt": 26.34835468056765, "geom_source": "clipped"}}, {"type": "Feature", "geometry": {"type": "LineString", "coordinates": [[-97.42352671488742, 35.2370593185398], [-97.4235582270455, 35.2404699652769], [-97.42355867825289, 35.240525257779], [-97.4235630745547, 35.2410965555359], [-97.42357249672878, 35.2422686903211], [-97.4235728146332, 35.2424634100008], [-97.4235748970107, 35.2425252341508], [-97.4235143237035, 35.2454536255095], [-97.4234819036039, 35.2473445078873]]}, "properties": {"loc_id": "52500-264", "on_road": "12th Ave NE", "from_road": "Rock Creek ", "to_road": "High Meadows", "wards": [6], "ward_primary": 6, "shared_boundary": false, "functional_class": "Principal Arterial", "class_source": "city", "lanes_final": 4, "lanes_source": "verified", "one_way": false, "divided": false, "vpd_max": 20221.0, "volume_year": 2026, "capacity_C": 22000.0, "capacity_E": 34200.0, "v_c_C": 0.9191363636363636, "v_c_E": 0.5912573099415205, "v_c": 0.5912573099415205, "capacity_los": "E", "collisions": 49, "collisions_by_year": {"2021": 7, "2022": 14, "2023": 9, "2024": 11, "2025": 8}, "combined": 49.59125730994152, "rank_combined_city": 33, "length_mi": 0.7067226980723869, "crashes_per_mi": 69.33412515778731, "crashes_per_mvmt": 1.8788042854617386, "geom_source": "clipped"}}, {"type": "Feature", "geometry": {"type": "LineString", "coordinates": [[-97.42348710812222, 35.2328876102735], [-97.42351515395902, 35.2357134023071], [-97.4235179575744, 35.2361524772557], [-97.42352671488742, 35.2370593185398]]}, "properties": {"loc_id": "52500-265", "on_road": "12th Ave NE", "from_road": "High Meadows ", "to_road": "Robinson", "wards": [6], "ward_primary": 6, "shared_boundary": false, "functional_class": "Principal Arterial", "class_source": "acog", "lanes_final": 4, "lanes_source": "verified", "one_way": false, "divided": false, "vpd_max": 20361.0, "volume_year": 2026, "capacity_C": 22000.0, "capacity_E": 34200.0, "v_c_C": 0.9255, "v_c_E": 0.5953508771929824, "v_c": 0.5953508771929824, "capacity_los": "E", "collisions": 70, "collisions_by_year": {"2021": 16, "2022": 17, "2023": 13, "2024": 9, "2025": 15}, "combined": 70.59535087719298, "rank_combined_city": 15, "length_mi": 0.28663648769019484, "crashes_per_mi": 244.21175602618345, "crashes_per_mvmt": 6.572106519142719, "geom_source": "clipped"}}, {"type": "Feature", "geometry": {"type": "LineString", "coordinates": [[-97.4590511029867, 35.2763186123664], [-97.45906937087192, 35.2786497867072], [-97.45907164145811, 35.2790711653372], [-97.4591057463717, 35.2817990484416], [-97.4591015479978, 35.2828261778367], [-97.45908838228651, 35.2836872289058], [-97.459084830602, 35.2844870223981]]}, "properties": {"loc_id": "52500-266", "on_road": "12th Ave NW", "from_road": "Blue Lake Dr ", "to_road": "Franklin", "wards": [6, 8], "ward_primary": 8, "shared_boundary": true, "functional_class": "Minor Arterial", "class_source": "city", "lanes_final": 2, "lanes_source": "verified", "one_way": false, "divided": false, "vpd_max": 2357.0, "volume_year": 2025, "capacity_C": 10000.0, "capacity_E": 17100.0, "v_c_C": 0.2357, "v_c_E": 0.1378362573099415, "v_c": 0.1378362573099415, "capacity_los": "E", "collisions": 14, "collisions_by_year": {"2021": 1, "2022": 6, "2023": 2, "2024": 2, "2025": 3}, "combined": 14.137836257309942, "rank_combined_city": 107, "length_mi": 0.5612499798174341, "crashes_per_mi": 24.94432160969339, "crashes_per_mvmt": 5.798948421709369, "geom_source": "clipped"}}, {"type": "Feature", "geometry": {"type": "LineString", "coordinates": [[-97.2651797180173, 35.2326160388847], [-97.2651797366852, 35.2326177732375], [-97.2651969752364, 35.2342563326406], [-97.26522753955939, 35.2362840873957], [-97.2652285990494, 35.238146133961], [-97.2651890204946, 35.2428895945691]]}, "properties": {"loc_id": "52500-267", "on_road": "120th Ave.NE", "from_road": "Hilltop Dr ", "to_road": "Alameda Dr.", "wards": [5], "ward_primary": 5, "shared_boundary": false, "functional_class": "Minor Arterial", "class_source": "city", "lanes_final": 2, "lanes_source": "verified", "one_way": false, "divided": false, "vpd_max": 1508.0, "volume_year": 2025, "capacity_C": 10000.0, "capacity_E": 17100.0, "v_c_C": 0.1508, "v_c_E": 0.08818713450292398, "v_c": 0.08818713450292398, "capacity_los": "E", "collisions": 5, "collisions_by_year": {"2021": 2, "2022": 3}, "combined": 5.088187134502924, "rank_combined_city": 167, "length_mi": 0.7058929209904795, "crashes_per_mi": 7.083227287481802, "crashes_per_mvmt": 2.5737536017883804, "geom_source": "clipped"}}, {"type": "Feature", "geometry": {"type": "LineString", "coordinates": [[-97.26519838337589, 35.2760839748827], [-97.2651967394531, 35.2774955846928], [-97.2651969303942, 35.2791724958019], [-97.265199415245, 35.2812512172971], [-97.26517363320079, 35.2834949527032], [-97.2651570345163, 35.2866851988136], [-97.2651325108626, 35.2894471525002], [-97.26512389686599, 35.2904172514173]]}, "properties": {"loc_id": "52500-268", "on_road": "120th Ave.NE", "from_road": "Indian Hills Rd.", "to_road": "Franklin Rd.", "wards": [5], "ward_primary": 5, "shared_boundary": false, "functional_class": "Minor Arterial", "class_source": "city", "lanes_final": 2, "lanes_source": "verified", "one_way": false, "divided": false, "vpd_max": 2052.0, "volume_year": 2025, "capacity_C": 10000.0, "capacity_E": 17100.0, "v_c_C": 0.2052, "v_c_E": 0.12, "v_c": 0.12, "capacity_los": "E", "collisions": 18, "collisions_by_year": {"2021": 6, "2022": 7, "2023": 2, "2024": 1, "2025": 2}, "combined": 18.12, "rank_combined_city": 92, "length_mi": 0.9848194142808909, "crashes_per_mi": 18.27746258753793, "crashes_per_mvmt": 4.880627676984146, "geom_source": "clipped"}}, {"type": "Feature", "geometry": {"type": "LineString", "coordinates": [[-97.40597951457939, 35.2038533018261], [-97.40600628484088, 35.2045548765598], [-97.40601286039059, 35.2055513487339], [-97.4060255372545, 35.207472182622], [-97.4060258068362, 35.2094187092774]]}, "properties": {"loc_id": "52500-270", "on_road": "24th Ave.SE", "from_road": "Meadowood Blvd ", "to_road": "Lindsey", "wards": [1], "ward_primary": 1, "shared_boundary": false, "functional_class": "Minor Arterial", "class_source": "acog", "lanes_final": 4, "lanes_source": "verified", "one_way": false, "divided": false, "vpd_max": 11795.0, "volume_year": 2025, "capacity_C": 22000.0, "capacity_E": 34200.0, "v_c_C": 0.5361363636363636, "v_c_E": 0.3448830409356725, "v_c": 0.3448830409356725, "capacity_los": "E", "collisions": 23, "collisions_by_year": {"2021": 6, "2022": 6, "2023": 5, "2024": 3, "2025": 3}, "combined": 23.344883040935674, "rank_combined_city": 77, "length_mi": 0.38241190721179086, "crashes_per_mi": 60.14457072661686, "crashes_per_mvmt": 2.79405927641115, "geom_source": "clipped"}}, {"type": "Feature", "geometry": {"type": "LineString", "coordinates": [[-97.4060246841361, 35.2472765872616], [-97.4060650679642, 35.2474824896032], [-97.4060519221728, 35.2490818991921], [-97.40607759466951, 35.2511057871951], [-97.40606822683958, 35.2531119911764], [-97.40610756965881, 35.2545145275474], [-97.4060992707241, 35.2566053850688], [-97.406106203781, 35.2617091147682]]}, "properties": {"loc_id": "52500-271", "on_road": "24th Ave NE", "from_road": "Tecumseh Rd.", "to_road": "Rock Creek Rd.", "wards": [6], "ward_primary": 6, "shared_boundary": false, "functional_class": "Minor Arterial", "class_source": "city", "lanes_final": 2, "lanes_source": "verified", "one_way": false, "divided": false, "vpd_max": 4417.0, "volume_year": 2025, "capacity_C": 10000.0, "capacity_E": 17100.0, "v_c_C": 0.4417, "v_c_E": 0.2583040935672515, "v_c": 0.2583040935672515, "capacity_los": "E", "collisions": 8, "collisions_by_year": {"2021": 2, "2022": 1, "2023": 2, "2024": 1, "2025": 2}, "combined": 8.25830409356725, "rank_combined_city": 137, "length_mi": 0.9918434539872814, "crashes_per_mi": 8.065788978935567, "crashes_per_mvmt": 1.0005909892272467, "geom_source": "clipped"}}, {"type": "Feature", "geometry": {"type": "LineString", "coordinates": [[-97.406106203781, 35.2617091147682], [-97.4060746994192, 35.2638827919312], [-97.40607002186421, 35.2646516775413], [-97.40606677352028, 35.2651044569685], [-97.4060638490067, 35.2656286683525], [-97.40606110281358, 35.2661283258247], [-97.4060608749221, 35.2661600902221], [-97.40606064825249, 35.2661916842693], [-97.40606042283079, 35.2662231043608], [-97.4060601949258, 35.2662548705597], [-97.40606080582612, 35.2662862946865], [-97.40606057915619, 35.2663178887321], [-97.4060603524991, 35.2663494809748], [-97.4060601258288, 35.2663810750196], [-97.4060598991648, 35.2664126681628], [-97.40605967372929, 35.2664440900544], [-97.4060594458363, 35.2664758544481], [-97.40605922040048, 35.2665072763389], [-97.4060589937294, 35.266538870382], [-97.406058767071, 35.266570462622], [-97.4060593789229, 35.2666020607108], [-97.4060591522645, 35.2666336529501], [-97.4060589268281, 35.2666650748391], [-97.40605870016941, 35.2666966670776], [-97.4060584722624, 35.2667284332709], [-97.40605824683199, 35.2667598542575], [-97.4060580201598, 35.2667914482975], [-97.4060577947355, 35.266822868382], [-97.4060575680629, 35.2668544624213], [-97.406057340168, 35.2668862268101], [-97.406057952158, 35.2669176527374], [-97.4060577254852, 35.2669492467756], [-97.4060575000604, 35.2669806668583], [-97.40605727215218, 35.2670124330482], [-97.40605704549179, 35.2670440252826], [-97.4060568200535, 35.2670754471668], [-97.4060565933864, 35.2671070403018], [-97.40605636671262, 35.2671386343378], [-97.4060561400516, 35.2671702265707], [-97.4060559146126, 35.2672016484534], [-97.40605652428312, 35.2672332447216], [-97.406056297609, 35.267264838756], [-97.4060560721698, 35.2672962606376], [-97.4060558442731, 35.2673280250211], [-97.40605561883349, 35.267359446902], [-97.4060553921716, 35.2673910391323], [-97.4060551654966, 35.2674226331649], [-97.406054940063, 35.2674540541434], [-97.40605471338769, 35.2674856481752], [-97.40605448796019, 35.2675170682515], [-97.4060542600494, 35.2675488344351], [-97.4060548719198, 35.2675804307098], [-97.4060546464792, 35.2676118525877], [-97.4060544198162, 35.267643444815], [-97.4060541943688, 35.2676748675935], [-97.4060539676926, 35.2677064616227], [-97.4060537422642, 35.2677378816965], [-97.4060535155876, 35.267769475725], [-97.4060532889238, 35.2678010679505], [-97.406053063482, 35.2678324898258], [-97.4060528368178, 35.2678640820505], [-97.4060534477078, 35.2678955088624], [-97.4060532210306, 35.267927102889], [-97.4060529943663, 35.2679586951126], [-97.4060527689239, 35.2679901169861], [-97.4060525422592, 35.2680217092089], [-97.4060523180452, 35.2680529598305], [-97.4060520913801, 35.2680845520527], [-97.406051864702, 35.268116146077], [-97.4060516392588, 35.2681475679486], [-97.40605141259319, 35.2681791601697], [-97.40605202568288, 35.2682105869884], [-97.4060518002524, 35.2682420070563], [-97.4060515748089, 35.2682734289264], [-97.40605134814291, 35.2683050211459], [-97.40605112146389, 35.2683366151677], [-97.4060508972485, 35.2683678657856], [-97.406050670582, 35.268399458004], [-97.4060504451376, 35.2684308798723], [-97.40605021969951, 35.2684623008389], [-97.4060499930195, 35.2684938948588], [-97.4060506039196, 35.268525320762], [-97.40605037848769, 35.2685567408261], [-97.40605015303629, 35.2685881635939], [-97.4060499276041, 35.2686195836573], [-97.4060497009236, 35.2686511776753], [-97.4060494754781, 35.2686825995407], [-97.4060492500389, 35.2687140205043], [-97.4060490245931, 35.2687454423689], [-97.40604879916009, 35.2687768624304], [-97.40604857370741, 35.2688082851956], [-97.40604834826111, 35.268839707059], [-97.4060489601388, 35.2688713033185], [-97.4060487359211, 35.2689025539301], [-97.4060485104746, 35.2689339757925], [-97.4060482850408, 35.2689653958519], [-97.40604805959401, 35.2689968177135], [-97.40604783291822, 35.2690284108258], [-97.4060476087062, 35.2690596605343], [-97.4060473832588, 35.2690910823948], [-97.4060471578177, 35.2691225033536], [-97.40604693237, 35.2691539252134], [-97.4060475443727, 35.2691853511141], [-97.4060473189314, 35.2692167720718], [-97.4060470934835, 35.2692481939305], [-97.4060468692641, 35.2692794445377], [-97.4060466438288, 35.269310864593], [-97.4060464183804, 35.2693422864506], [-97.40604619293822, 35.2693737074064], [-97.4060459674895, 35.2694051292632], [-97.4060457432692, 35.2694363798687], [-97.40604551783298, 35.2694677999221], [-97.4060461287385, 35.2694992258138], [-97.4060459032829, 35.2695306485705], [-97.4060456778465, 35.2695620686228], [-97.4060454536258, 35.2695933192264], [-97.4060452281761, 35.2696247410806], [-97.4060450039744, 35.2696559889795], [-97.4060447785179, 35.2696874117343], [-97.40604455306779, 35.2697188335874], [-97.4060443288591, 35.2697500823865], [-97.4060441440662, 35.2697758376339], [-97.4060355961189, 35.2721345475074], [-97.4060267950793, 35.2746448720573], [-97.4060207756578, 35.2761842005809]]}, "properties": {"loc_id": "52500-272", "on_road": "24th Ave.NE", "from_road": "Franklin Rd.", "to_road": "Tecumseh Rd.", "wards": [6], "ward_primary": 6, "shared_boundary": false, "functional_class": "Minor Arterial", "class_source": "acog", "lanes_final": 2, "lanes_source": "verified", "one_way": false, "divided": false, "vpd_max": 2903.0, "volume_year": 2025, "capacity_C": 10000.0, "capacity_E": 17100.0, "v_c_C": 0.2903, "v_c_E": 0.16976608187134504, "v_c": 0.16976608187134504, "capacity_los": "E", "collisions": 2, "collisions_by_year": {"2023": 1, "2025": 1}, "combined": 2.169766081871345, "rank_combined_city": 192, "length_mi": 0.9945684431781976, "crashes_per_mi": 2.010922439494351, "crashes_per_mvmt": 0.3795643504347135, "geom_source": "clipped"}}, {"type": "Feature", "geometry": {"type": "LineString", "coordinates": [[-97.4060207756578, 35.2761842005809], [-97.405946812323, 35.2906913733588]]}, "properties": {"loc_id": "52500-273", "on_road": "24th Ave NE", "from_road": "Ind Hills ", "to_road": "Franklin", "wards": [5, 6], "ward_primary": 5, "shared_boundary": true, "functional_class": "Minor Arterial", "class_source": "acog", "lanes_final": 2, "lanes_source": "verified", "one_way": false, "divided": false, "vpd_max": 776.0, "volume_year": 2025, "capacity_C": 10000.0, "capacity_E": 17100.0, "v_c_C": 0.0776, "v_c_E": 0.045380116959064326, "v_c": 0.045380116959064326, "capacity_los": "E", "collisions": 13, "collisions_by_year": {"2021": 3, "2022": 1, "2023": 2, "2024": 3, "2025": 4}, "combined": 13.045380116959064, "rank_combined_city": 113, "length_mi": 0.9967603105578898, "crashes_per_mi": 13.04225284885577, "crashes_per_mvmt": 9.209329790182014, "geom_source": "clipped"}}, {"type": "Feature", "geometry": {"type": "LineString", "coordinates": [[-97.4058475044038, 35.1885381395578], [-97.4058475110794, 35.189704243068], [-97.4059066118835, 35.1939477225309], [-97.4059246594338, 35.1956319681408], [-97.4059322329032, 35.196326066321], [-97.4059371315187, 35.1969267409089], [-97.4059516718616, 35.1987500527431]]}, "properties": {"loc_id": "52500-274", "on_road": "24th Ave Se", "from_road": "Heatherfield Ln ", "to_road": "Sh 9", "wards": [1, 5], "ward_primary": 5, "shared_boundary": true, "functional_class": "Minor Arterial", "class_source": "acog", "lanes_final": 4, "lanes_source": "verified", "one_way": false, "divided": false, "vpd_max": 11505.0, "volume_year": 2025, "capacity_C": 22000.0, "capacity_E": 34200.0, "v_c_C": 0.5229545454545454, "v_c_E": 0.3364035087719298, "v_c": 0.3364035087719298, "capacity_los": "E", "collisions": 28, "collisions_by_year": {"2021": 6, "2022": 3, "2023": 5, "2024": 8, "2025": 6}, "combined": 28.33640350877193, "rank_combined_city": 70, "length_mi": 0.7016641709909918, "crashes_per_mi": 39.90513005738107, "crashes_per_mvmt": 1.9005497339396722, "geom_source": "clipped"}}, {"type": "Feature", "geometry": {"type": "LineString", "coordinates": [[-97.4060102808438, 35.2183539816757], [-97.4060042851917, 35.2189566603723], [-97.4059991654877, 35.2196706090319], [-97.4059904223468, 35.2207729532026], [-97.40598219749451, 35.2216865863156], [-97.4059715096951, 35.2222430501321], [-97.4059422142365, 35.2236435538404]]}, "properties": {"loc_id": "52500-275", "on_road": "24th Ave NE", "from_road": "Jackson Dr ", "to_road": "Alameda", "wards": [6], "ward_primary": 6, "shared_boundary": false, "functional_class": "Minor Arterial", "class_source": "acog", "lanes_final": 4, "lanes_source": "verified", "one_way": false, "divided": false, "vpd_max": 10567.0, "volume_year": 2025, "capacity_C": 22000.0, "capacity_E": 34200.0, "v_c_C": 0.4803181818181818, "v_c_E": 0.3089766081871345, "v_c": 0.3089766081871345, "capacity_los": "E", "collisions": 34, "collisions_by_year": {"2021": 9, "2022": 8, "2023": 7, "2024": 5, "2025": 5}, "combined": 34.30897660818714, "rank_combined_city": 57, "length_mi": 0.3634578502766973, "crashes_per_mi": 93.54592279164171, "crashes_per_mvmt": 4.850765580186531, "geom_source": "clipped"}}, {"type": "Feature", "geometry": {"type": "LineString", "coordinates": [[-97.40591161940041, 35.2328105180635], [-97.40588258956701, 35.2337067071947], [-97.40590165092712, 35.2345504093002], [-97.4059087563196, 35.2361272585507], [-97.4059036564756, 35.2366049303454], [-97.405904267845, 35.2367529479547], [-97.40591030381158, 35.2370783691954], [-97.40591912340211, 35.2379496665012], [-97.4059270499583, 35.2380118645564], [-97.40593491780689, 35.2380817888077], [-97.40593775752531, 35.238152890295], [-97.40585400453651, 35.2400248094255]]}, "properties": {"loc_id": "52500-277", "on_road": "24th Ave NE", "from_road": "Creighton Dr ", "to_road": "Robinson", "wards": [6], "ward_primary": 6, "shared_boundary": false, "functional_class": "Minor Arterial", "class_source": "acog", "lanes_final": 2, "lanes_source": "verified", "one_way": false, "divided": false, "vpd_max": 7392.0, "volume_year": 2025, "capacity_C": 10000.0, "capacity_E": 17100.0, "v_c_C": 0.7392, "v_c_E": 0.432280701754386, "v_c": 0.432280701754386, "capacity_los": "E", "collisions": 14, "collisions_by_year": {"2021": 2, "2022": 4, "2023": 3, "2024": 2, "2025": 3}, "combined": 14.432280701754387, "rank_combined_city": 102, "length_mi": 0.49584813188833465, "crashes_per_mi": 28.23445143714449, "crashes_per_mvmt": 2.0929291523709073, "geom_source": "clipped"}}, {"type": "Feature", "geometry": {"type": "LineString", "coordinates": [[-97.4766802325038, 35.2113456518156], [-97.4766632151663, 35.2100653031203], [-97.4766547777585, 35.2094139663069], [-97.4766555402921, 35.2087631858756], [-97.47664888632312, 35.2075642701282], [-97.47665046896891, 35.2065190697189], [-97.47664725298979, 35.2059683787069], [-97.4766388936871, 35.2051721181197], [-97.47664588171058, 35.2039335940958]]}, "properties": {"loc_id": "52500-278", "on_road": "SW 24th Ave SW", "from_road": "Boyd ", "to_road": "Lindsey", "wards": [2], "ward_primary": 2, "shared_boundary": false, "functional_class": "Minor Arterial", "class_source": "acog", "lanes_final": 4, "lanes_source": "verified", "one_way": false, "divided": false, "vpd_max": 15135.0, "volume_year": 2026, "capacity_C": 22000.0, "capacity_E": 34200.0, "v_c_C": 0.6879545454545455, "v_c_E": 0.4425438596491228, "v_c": 0.4425438596491228, "capacity_los": "E", "collisions": 80, "collisions_by_year": {"2021": 12, "2022": 19, "2023": 13, "2024": 19, "2025": 17}, "combined": 80.44254385964912, "rank_combined_city": 14, "length_mi": 0.5092760646754723, "crashes_per_mi": 157.08572530495553, "crashes_per_mvmt": 5.687107369019665, "geom_source": "clipped"}}, {"type": "Feature", "geometry": {"type": "LineString", "coordinates": [[-97.47665675949021, 35.202741448085], [-97.47666246018309, 35.2021037353737], [-97.4766673614692, 35.201592741977], [-97.47666876764939, 35.2015027721981], [-97.4766785206883, 35.2006210752311]]}, "properties": {"loc_id": "52500-279", "on_road": "SW 24th Ave SW", "from_road": "Lindsey ", "to_road": "Beverly Hills", "wards": [2], "ward_primary": 2, "shared_boundary": false, "functional_class": "Minor Arterial", "class_source": "acog", "lanes_final": 4, "lanes_source": "verified", "one_way": false, "divided": false, "vpd_max": 9537.0, "volume_year": 2026, "capacity_C": 22000.0, "capacity_E": 34200.0, "v_c_C": 0.4335, "v_c_E": 0.27885964912280703, "v_c": 0.27885964912280703, "capacity_los": "E", "collisions": 10, "collisions_by_year": {"2021": 4, "2023": 1, "2024": 2, "2025": 3}, "combined": 10.278859649122808, "rank_combined_city": 125, "length_mi": 0.1456908083740225, "crashes_per_mi": 68.63850994860054, "crashes_per_mvmt": 3.943603065700885, "geom_source": "clipped"}}, {"type": "Feature", "geometry": {"type": "LineString", "coordinates": [[-97.4060102808438, 35.2183539816757], [-97.40377732589111, 35.2183436938198], [-97.4032659491939, 35.2183422433457], [-97.4032466985571, 35.2183421499513], [-97.3990586070588, 35.2183293169015]]}, "properties": {"loc_id": "52500-28", "on_road": "E Alameda St", "from_road": "24th Ave.E", "to_road": "Lochwood Dr", "wards": [1, 6], "ward_primary": 1, "shared_boundary": true, "functional_class": "Principal Arterial", "class_source": "override", "lanes_final": 4, "lanes_source": "verified", "one_way": false, "divided": false, "vpd_max": 9538.0, "volume_year": 2018, "capacity_C": 22000.0, "capacity_E": 34200.0, "v_c_C": 0.43354545454545457, "v_c_E": 0.2788888888888889, "v_c": 0.2788888888888889, "capacity_los": "E", "collisions": 21, "collisions_by_year": {"2021": 4, "2022": 3, "2024": 6, "2025": 8}, "combined": 21.27888888888889, "rank_combined_city": 84, "length_mi": 0.39283484739180036, "crashes_per_mi": 53.45757928408857, "crashes_per_mvmt": 3.0710656600182435, "geom_source": "clipped"}}, {"type": "Feature", "geometry": {"type": "LineString", "coordinates": [[-97.4766648197647, 35.2184224721511], [-97.4766632754096, 35.2172095020424], [-97.4766607152411, 35.2165551029178], [-97.476660107725, 35.2161211870825], [-97.4766609977333, 35.2153177578021], [-97.4766581729743, 35.2141755246899], [-97.4766230838358, 35.2132383501041]]}, "properties": {"loc_id": "52500-280", "on_road": "SW 24th Ave SW", "from_road": "Main(Nrm)", "to_road": "Bud Wilkinson", "wards": [2], "ward_primary": 2, "shared_boundary": false, "functional_class": "Minor Arterial", "class_source": "acog", "lanes_final": 4, "lanes_source": "verified", "one_way": false, "divided": true, "vpd_max": 18559.0, "volume_year": 2021, "capacity_C": 26000.0, "capacity_E": 38000.0, "v_c_C": 0.7138076923076923, "v_c_E": 0.48839473684210527, "v_c": 0.48839473684210527, "capacity_los": "E", "collisions": 55, "collisions_by_year": {"2021": 13, "2022": 8, "2023": 13, "2024": 8, "2025": 13}, "combined": 55.4883947368421, "rank_combined_city": 29, "length_mi": 0.3562190622594121, "crashes_per_mi": 154.39937338318785, "crashes_per_mvmt": 4.558564382474782, "geom_source": "clipped"}}, {"type": "Feature", "geometry": {"type": "LineString", "coordinates": [[-97.4804036939712, 35.232941638071], [-97.48039788012039, 35.2316003910606], [-97.48039668194872, 35.2311242337856], [-97.48039634577762, 35.2310442149104], [-97.48039615682198, 35.2300070885673], [-97.48033049274109, 35.2292657114829], [-97.4798884091614, 35.2287495719596], [-97.47919744818668, 35.2281444638626], [-97.47768902145691, 35.2268234554499], [-97.477226176608, 35.2264184872915]]}, "properties": {"loc_id": "52500-282", "on_road": "24th Ave NW", "from_road": "Robinson", "to_road": "Boardwalk", "wards": [2], "ward_primary": 2, "shared_boundary": false, "functional_class": "Minor Arterial", "class_source": "acog", "lanes_final": 4, "lanes_source": "verified", "one_way": false, "divided": true, "vpd_max": 18255.0, "volume_year": 2019, "capacity_C": 26000.0, "capacity_E": 38000.0, "v_c_C": 0.7021153846153846, "v_c_E": 0.48039473684210526, "v_c": 0.48039473684210526, "capacity_los": "E", "collisions": 64, "collisions_by_year": {"2021": 8, "2022": 12, "2023": 12, "2024": 20, "2025": 12}, "combined": 64.4803947368421, "rank_combined_city": 19, "length_mi": 0.5158145866158382, "crashes_per_mi": 124.0755916188642, "crashes_per_mvmt": 3.7242742012918724, "geom_source": "clipped"}}, {"type": "Feature", "geometry": {"type": "LineString", "coordinates": [[-97.477226176608, 35.2264184872915], [-97.47667765293988, 35.2259295288784], [-97.4766288641464, 35.2257028339604], [-97.47666295004728, 35.2253420460436], [-97.4766623951325, 35.2252975695097], [-97.4766657734243, 35.2242329824168], [-97.4766649124437, 35.2231767884103], [-97.4766460198385, 35.222325368579], [-97.4766648197647, 35.2184224721511]]}, "properties": {"loc_id": "52500-283", "on_road": "24th Ave NW", "from_road": "Boardwalk", "to_road": "Main(Nrm)", "wards": [2], "ward_primary": 2, "shared_boundary": false, "functional_class": "Minor Arterial", "class_source": "acog", "lanes_final": 5, "lanes_source": "verified", "one_way": false, "divided": false, "vpd_max": 18011.0, "volume_year": 2022, "capacity_C": 24000.0, "capacity_E": 36000.0, "v_c_C": 0.7504583333333333, "v_c_E": 0.5003055555555556, "v_c": 0.5003055555555556, "capacity_los": "E", "collisions": 65, "collisions_by_year": {"2021": 15, "2022": 12, "2023": 10, "2024": 18, "2025": 10}, "combined": 65.50030555555556, "rank_combined_city": 17, "length_mi": 0.5618302712762991, "crashes_per_mi": 115.69330333935325, "crashes_per_mvmt": 3.5197152224128856, "geom_source": "clipped"}}, {"type": "Feature", "geometry": {"type": "LineString", "coordinates": [[-97.3883039498463, 35.2037706053152], [-97.388292105811, 35.2043547120347], [-97.3881576309922, 35.2110058221746], [-97.38815386023089, 35.2138546014829], [-97.38815032367698, 35.2165276892906], [-97.3881467369969, 35.2182595520052]]}, "properties": {"loc_id": "52500-285", "on_road": "Se 36th Ave Se", "from_road": "Alameda", "to_road": "Lindsey", "wards": [1, 5], "ward_primary": 5, "shared_boundary": true, "functional_class": "Minor Arterial", "class_source": "acog", "lanes_final": 2, "lanes_source": "verified", "one_way": false, "divided": false, "vpd_max": 1357.0, "volume_year": 2018, "capacity_C": 10000.0, "capacity_E": 17100.0, "v_c_C": 0.1357, "v_c_E": 0.07935672514619883, "v_c": 0.07935672514619883, "capacity_los": "E", "collisions": 8, "collisions_by_year": {"2021": 1, "2022": 2, "2023": 2, "2024": 1, "2025": 2}, "combined": 8.079356725146198, "rank_combined_city": 141, "length_mi": 0.9955684332625762, "crashes_per_mi": 8.035610343513213, "crashes_per_mvmt": 3.2447119829249504, "geom_source": "clipped"}}, {"type": "Feature", "geometry": {"type": "LineString", "coordinates": [[-97.38814815448542, 35.22735900013843], [-97.38814815420092, 35.2273592149174], [-97.388163417358, 35.2298255719424], [-97.3881661958684, 35.2327355654569], [-97.38816621979036, 35.232735991655154]]}, "properties": {"loc_id": "52500-286", "on_road": "NE 36th Ave NE", "from_road": "Robinson ", "to_road": "Akerman Dr", "wards": [5, 6], "ward_primary": 6, "shared_boundary": true, "functional_class": "Minor Arterial", "class_source": "acog", "lanes_final": 2, "lanes_source": "verified", "one_way": false, "divided": false, "vpd_max": 1577.0, "volume_year": 2026, "capacity_C": 10000.0, "capacity_E": 17100.0, "v_c_C": 0.1577, "v_c_E": 0.09222222222222222, "v_c": 0.09222222222222222, "capacity_los": "E", "collisions": 0, "collisions_by_year": {}, "combined": 0.09222222222222222, "rank_combined_city": 203, "length_mi": 0.36944192282755317, "crashes_per_mi": 0.0, "crashes_per_mvmt": 0.0, "geom_source": "override"}}, {"type": "Feature", "geometry": {"type": "LineString", "coordinates": [[-97.3881661958684, 35.2327355654569], [-97.3881994847419, 35.2333286464368], [-97.38820663766889, 35.2337203549314], [-97.3882401236822, 35.2364400694053], [-97.3882473445271, 35.2387490912547], [-97.38825089351151, 35.2389486365168]]}, "properties": {"loc_id": "52500-288", "on_road": "NE 36th Ave NE", "from_road": "Stonewood Rd", "to_road": "Robinson", "wards": [5, 6], "ward_primary": 5, "shared_boundary": true, "functional_class": "Minor Arterial", "class_source": "city", "lanes_final": 2, "lanes_source": "verified", "one_way": false, "divided": false, "vpd_max": 1114.0, "volume_year": 2020, "capacity_C": 10000.0, "capacity_E": 17100.0, "v_c_C": 0.1114, "v_c_E": 0.06514619883040935, "v_c": 0.06514619883040935, "capacity_los": "E", "collisions": 14, "collisions_by_year": {"2022": 1, "2023": 5, "2024": 5, "2025": 3}, "combined": 14.065146198830409, "rank_combined_city": 110, "length_mi": 0.4269425720796144, "crashes_per_mi": 32.79129540023791, "crashes_per_mvmt": 16.12911408978525, "geom_source": "clipped"}}, {"type": "Feature", "geometry": {"type": "LineString", "coordinates": [[-97.4943363715407, 35.2619039076762], [-97.4943198652751, 35.2640577396141], [-97.4943098248156, 35.2650158258437], [-97.494299785877, 35.2658368904338], [-97.49428617040141, 35.2673803107753], [-97.4942663138622, 35.268711474932]]}, "properties": {"loc_id": "52500-289", "on_road": "36th Ave NW", "from_road": "Bridgeport Rd ", "to_road": "Tecumseh Rd.", "wards": [8], "ward_primary": 8, "shared_boundary": false, "functional_class": "Minor Arterial", "class_source": "city", "lanes_final": 3, "lanes_source": "verified", "one_way": false, "divided": false, "vpd_max": 9229.0, "volume_year": 2026, "capacity_C": 10000.0, "capacity_E": 17100.0, "v_c_C": 0.9229, "v_c_E": 0.5397076023391812, "v_c": 0.5397076023391812, "capacity_los": "E", "collisions": 11, "collisions_by_year": {"2021": 5, "2022": 1, "2023": 2, "2024": 3}, "combined": 11.539707602339181, "rank_combined_city": 118, "length_mi": 0.4677488256887491, "crashes_per_mi": 23.516894957037593, "crashes_per_mvmt": 1.3962476800815533, "geom_source": "clipped"}}, {"type": "Feature", "geometry": {"type": "LineString", "coordinates": [[-97.38814700210979, 35.21825955285134], [-97.3881467369969, 35.2182595520052], [-97.3852620011915, 35.21824087551014]]}, "properties": {"loc_id": "52500-29", "on_road": "E Alameda St", "from_road": "36 th E", "to_road": "Lakeside Dr", "wards": [5], "ward_primary": 5, "shared_boundary": false, "functional_class": "Principal Arterial", "class_source": "override", "lanes_final": 4, "lanes_source": "verified", "one_way": false, "divided": true, "vpd_max": 4706.0, "volume_year": 2018, "capacity_C": 26000.0, "capacity_E": 38000.0, "v_c_C": 0.181, "v_c_E": 0.12384210526315789, "v_c": 0.12384210526315789, "capacity_los": "E", "collisions": 8, "collisions_by_year": {"2021": 2, "2023": 2, "2025": 4}, "combined": 8.123842105263158, "rank_combined_city": 140, "length_mi": 0.16303311121541553, "crashes_per_mi": 49.06978674675236, "crashes_per_mvmt": 5.713462469566959, "geom_source": "override"}}, {"type": "Feature", "geometry": {"type": "LineString", "coordinates": [[-97.4943143516878, 35.2857994012039], [-97.4943564752228, 35.2874051972508], [-97.4943797376957, 35.2890820018248], [-97.4943517614445, 35.2907817746655]]}, "properties": {"loc_id": "52500-290", "on_road": "36th Ave NW", "from_road": "Ind Hills ", "to_road": "Pioneer St", "wards": [3], "ward_primary": 3, "shared_boundary": false, "functional_class": "Minor Arterial", "class_source": "city", "lanes_final": 2, "lanes_source": "verified", "one_way": false, "divided": false, "vpd_max": 6884.0, "volume_year": 2026, "capacity_C": 10000.0, "capacity_E": 17100.0, "v_c_C": 0.6884, "v_c_E": 0.4025730994152047, "v_c": 0.4025730994152047, "capacity_los": "E", "collisions": 14, "collisions_by_year": {"2021": 3, "2022": 2, "2023": 5, "2024": 2, "2025": 2}, "combined": 14.402573099415205, "rank_combined_city": 103, "length_mi": 0.3423702892817823, "crashes_per_mi": 40.89139869399569, "crashes_per_mvmt": 3.254829439239347, "geom_source": "clipped"}}, {"type": "Feature", "geometry": {"type": "LineString", "coordinates": [[-97.4412577079277, 35.2111190865818], [-97.44126565620492, 35.2098166918214], [-97.44126660002522, 35.2096767511813], [-97.44126892172179, 35.2087120863532], [-97.4412687340909, 35.2085596421141], [-97.4412681483137, 35.2080824168935], [-97.441268910886, 35.2074728449267]]}, "properties": {"loc_id": "52500-292", "on_road": "Jenkins Ave", "from_road": "Boyd ", "to_road": "Brooks", "wards": [4], "ward_primary": 4, "shared_boundary": false, "functional_class": "Collector", "class_source": "acog", "lanes_final": 2, "lanes_source": "verified", "one_way": false, "divided": false, "vpd_max": 8496.0, "volume_year": 2026, "capacity_C": 10000.0, "capacity_E": 17100.0, "v_c_C": 0.8496, "v_c_E": 0.4968421052631579, "v_c": 0.4968421052631579, "capacity_los": "E", "collisions": 9, "collisions_by_year": {"2021": 1, "2022": 1, "2023": 2, "2024": 3, "2025": 2}, "combined": 9.496842105263157, "rank_combined_city": 128, "length_mi": 0.25052559120083057, "crashes_per_mi": 35.92447365101822, "crashes_per_mvmt": 2.3169306846102096, "geom_source": "clipped"}}, {"type": "Feature", "geometry": {"type": "LineString", "coordinates": [[-97.51209484595049, 35.2907383067321], [-97.5209077458983, 35.2907176092912], [-97.5297107040701, 35.2906888114942]]}, "properties": {"loc_id": "52500-293", "on_road": "W Indian Hills Rd", "from_road": "60 th W", "to_road": "48 th W", "wards": [3], "ward_primary": 3, "shared_boundary": false, "functional_class": "Principal Arterial", "class_source": "override", "lanes_final": 2, "lanes_source": "verified", "one_way": false, "divided": false, "vpd_max": 3014.0, "volume_year": 2024, "capacity_C": 10000.0, "capacity_E": 17100.0, "v_c_C": 0.3014, "v_c_E": 0.17625730994152047, "v_c": 0.17625730994152047, "capacity_los": "E", "collisions": 0, "collisions_by_year": {}, "combined": 0.17625730994152047, "rank_combined_city": 202, "length_mi": 0.9954577054047883, "crashes_per_mi": 0.0, "crashes_per_mvmt": 0.0, "geom_source": "clipped"}}, {"type": "Feature", "geometry": {"type": "LineString", "coordinates": [[-97.5118936420696, 35.2473698330696], [-97.5138452959623, 35.247367771663], [-97.5240640720936, 35.2473550931324], [-97.5267251660138, 35.2473516521697], [-97.5296151183772, 35.2473478497814]]}, "properties": {"loc_id": "52500-295", "on_road": "W ROCK CREEK RD", "from_road": "48TH AVE NW", "to_road": "60TH AVE NW", "wards": [3], "ward_primary": 3, "shared_boundary": false, "functional_class": "Collector", "class_source": "city", "lanes_final": 2, "lanes_source": "verified", "one_way": false, "divided": false, "vpd_max": 858.0, "volume_year": 2018, "capacity_C": 10000.0, "capacity_E": 17100.0, "v_c_C": 0.0858, "v_c_E": 0.05017543859649123, "v_c": 0.05017543859649123, "capacity_los": "E", "collisions": 15, "collisions_by_year": {"2021": 6, "2022": 4, "2023": 3, "2024": 2}, "combined": 15.050175438596492, "rank_combined_city": 101, "length_mi": 1.001421244283632, "crashes_per_mi": 14.978711591774017, "crashes_per_mvmt": 9.565866201599142, "geom_source": "clipped"}}, {"type": "Feature", "geometry": {"type": "LineString", "coordinates": [[-97.49425093761111, 35.2473761946834], [-97.49425077897838, 35.2489100661272], [-97.4942444777481, 35.2493933989535], [-97.49424418333909, 35.2495784999436], [-97.4942594190903, 35.2501000403531], [-97.4942683727565, 35.2504160199099], [-97.4943237255166, 35.25218346926], [-97.4943045627284, 35.2542241430696], [-97.49429666357558, 35.2544208886056], [-97.4942836849613, 35.2546267133124], [-97.4943107612968, 35.257870730726]]}, "properties": {"loc_id": "52500-3", "on_road": "NW 36th Ave NW", "from_road": "Cascade Blv", "to_road": "Rock Creek", "wards": [8], "ward_primary": 8, "shared_boundary": false, "functional_class": "Minor Arterial", "class_source": "acog", "lanes_final": 5, "lanes_source": "verified", "one_way": false, "divided": false, "vpd_max": 16918.0, "volume_year": 2024, "capacity_C": 24000.0, "capacity_E": 36000.0, "v_c_C": 0.7049166666666666, "v_c_E": 0.46994444444444444, "v_c": 0.46994444444444444, "capacity_los": "E", "collisions": 40, "collisions_by_year": {"2021": 9, "2022": 4, "2023": 10, "2024": 13, "2025": 4}, "combined": 40.469944444444444, "rank_combined_city": 45, "length_mi": 0.7211475557854368, "crashes_per_mi": 55.46715048688484, "crashes_per_mvmt": 1.7964865333311149, "geom_source": "clipped"}}, {"type": "Feature", "geometry": {"type": "LineString", "coordinates": [[-97.37050204897432, 35.2182244320568], [-97.3529825910306, 35.2183366591722]]}, "properties": {"loc_id": "52500-30", "on_road": "E Alameda St", "from_road": "48th Ave.E", "to_road": "60th Ave.E", "wards": [5], "ward_primary": 5, "shared_boundary": false, "functional_class": "Principal Arterial", "class_source": "city", "lanes_final": 2, "lanes_source": "verified", "one_way": false, "divided": false, "vpd_max": 3737.0, "volume_year": 2025, "capacity_C": 10000.0, "capacity_E": 17100.0, "v_c_C": 0.3737, "v_c_E": 0.21853801169590642, "v_c": 0.21853801169590642, "capacity_los": "E", "collisions": 30, "collisions_by_year": {"2021": 9, "2022": 7, "2023": 3, "2024": 6, "2025": 5}, "combined": 30.218538011695905, "rank_combined_city": 66, "length_mi": 0.9900343059586107, "crashes_per_mi": 30.301980264160843, "crashes_per_mvmt": 4.443089323596444, "geom_source": "clipped"}}, {"type": "Feature", "geometry": {"type": "LineString", "coordinates": [[-97.38835383485161, 35.2762444912014], [-97.38852685181399, 35.2789002940031], [-97.3885208993664, 35.2794794340491], [-97.38851281577261, 35.2802333612116], [-97.38831763469058, 35.281596433226], [-97.3883020673864, 35.2837028611347], [-97.3883001904747, 35.2840703062935], [-97.38827036105839, 35.2895793769387], [-97.3882677797133, 35.2901552685189], [-97.38827428093738, 35.2907390639388]]}, "properties": {"loc_id": "52500-312", "on_road": "36th Ave.NE", "from_road": "Indian Hills Rd.", "to_road": "Franklin Rd.", "wards": [5], "ward_primary": 5, "shared_boundary": false, "functional_class": "Minor Arterial", "class_source": "acog", "lanes_final": 2, "lanes_source": "verified", "one_way": false, "divided": false, "vpd_max": 256.0, "volume_year": 2026, "capacity_C": 10000.0, "capacity_E": 17100.0, "v_c_C": 0.0256, "v_c_E": 0.01497076023391813, "v_c": 0.01497076023391813, "capacity_los": "E", "collisions": 5, "collisions_by_year": {"2022": 1, "2023": 1, "2024": 2, "2025": 1}, "combined": 5.014970760233918, "rank_combined_city": 168, "length_mi": 0.9968068340254372, "crashes_per_mi": 5.016016974731542, "crashes_per_mvmt": 10.736337702764432, "geom_source": "clipped"}}, {"type": "Feature", "geometry": {"type": "LineString", "coordinates": [[-97.38830498629707, 35.169513999918536], [-97.3883049879573, 35.1695138110123], [-97.3883828382974, 35.1606642028817], [-97.38839046252575, 35.16053601860894]]}, "properties": {"loc_id": "52500-315", "on_road": "36th Ave.SE", "from_road": null, "to_road": null, "wards": [5], "ward_primary": 5, "shared_boundary": false, "functional_class": "Minor Arterial", "class_source": "city", "lanes_final": 2, "lanes_source": "verified", "one_way": true, "divided": false, "vpd_max": 504.0, "volume_year": 2018, "capacity_C": 12000.0, "capacity_E": 22000.0, "v_c_C": 0.042, "v_c_E": 0.02290909090909091, "v_c": 0.02290909090909091, "capacity_los": "E", "collisions": 0, "collisions_by_year": {}, "combined": 0.02290909090909091, "rank_combined_city": 204, "length_mi": 0.6168810811345109, "crashes_per_mi": 0.0, "crashes_per_mvmt": 0.0, "geom_source": "override"}}, {"type": "Feature", "geometry": {"type": "LineString", "coordinates": [[-97.40370500584484, 35.16066754040817], [-97.38839047567372, 35.1605357975553], [-97.38839000079533, 35.1605357963011]]}, "properties": {"loc_id": "52500-316", "on_road": "E POST OAK RD", "from_road": null, "to_road": null, "wards": [5], "ward_primary": 5, "shared_boundary": false, "functional_class": "Minor Arterial", "class_source": "city", "lanes_final": 2, "lanes_source": "verified", "one_way": true, "divided": false, "vpd_max": 904.0, "volume_year": 2018, "capacity_C": 12000.0, "capacity_E": 22000.0, "v_c_C": 0.07533333333333334, "v_c_E": 0.04109090909090909, "v_c": 0.04109090909090909, "capacity_los": "E", "collisions": 2, "collisions_by_year": {"2023": 1, "2025": 1}, "combined": 2.0410909090909093, "rank_combined_city": 195, "length_mi": 0.8654805349062163, "crashes_per_mi": 2.310854975169049, "crashes_per_mvmt": 1.400687947126348, "geom_source": "override"}}, {"type": "Feature", "geometry": {"type": "LineString", "coordinates": [[-97.38839000079533, 35.1605357963011], [-97.3797683583144, 35.1605130256925], [-97.3706503636049, 35.16047680899], [-97.37065000189243, 35.160476806595916]]}, "properties": {"loc_id": "52500-318", "on_road": "E POST OAK RD", "from_road": "Just E.of 36th Ave.SE", "to_road": null, "wards": [5], "ward_primary": 5, "shared_boundary": false, "functional_class": "Minor Arterial", "class_source": "city", "lanes_final": 2, "lanes_source": "verified", "one_way": true, "divided": false, "vpd_max": 684.0, "volume_year": 2018, "capacity_C": 12000.0, "capacity_E": 22000.0, "v_c_C": 0.057, "v_c_E": 0.03109090909090909, "v_c": 0.03109090909090909, "capacity_los": "E", "collisions": 3, "collisions_by_year": {"2024": 3}, "combined": 3.031090909090909, "rank_combined_city": 186, "length_mi": 1.0024753131983564, "crashes_per_mi": 2.992592396543535, "crashes_per_mvmt": 2.3973342918717733, "geom_source": "override"}}, {"type": "Feature", "geometry": {"type": "LineString", "coordinates": [[-97.34433516028722, 35.2183394517079], [-97.33558074573, 35.2182813235653]]}, "properties": {"loc_id": "52500-32", "on_road": "E Alameda St", "from_road": "Se 66 th Ave ", "to_road": "72 nd E", "wards": [5], "ward_primary": 5, "shared_boundary": false, "functional_class": "Principal Arterial", "class_source": "city", "lanes_final": 2, "lanes_source": "verified", "one_way": false, "divided": false, "vpd_max": 3123.0, "volume_year": 2025, "capacity_C": 10000.0, "capacity_E": 17100.0, "v_c_C": 0.3123, "v_c_E": 0.18263157894736842, "v_c": 0.18263157894736842, "capacity_los": "E", "collisions": 4, "collisions_by_year": {"2022": 1, "2023": 1, "2024": 1, "2025": 1}, "combined": 4.182631578947368, "rank_combined_city": 173, "length_mi": 0.49471794874994307, "crashes_per_mi": 8.085415154447558, "crashes_per_mvmt": 1.4186245495326424, "geom_source": "clipped"}}, {"type": "Feature", "geometry": {"type": "LineString", "coordinates": [[-97.43643099889842, 35.21834035260022], [-97.4364307635655, 35.2183403521029], [-97.4346613387834, 35.2183518072599], [-97.43466100069678, 35.21835180643665]]}, "properties": {"loc_id": "52500-33", "on_road": "E Alameda St", "from_road": "Porter ", "to_road": "Ponca Ave", "wards": [4], "ward_primary": 4, "shared_boundary": false, "functional_class": "Minor Arterial", "class_source": "acog", "lanes_final": 5, "lanes_source": "verified", "one_way": false, "divided": false, "vpd_max": 13675.0, "volume_year": 2026, "capacity_C": 24000.0, "capacity_E": 36000.0, "v_c_C": 0.5697916666666667, "v_c_E": 0.3798611111111111, "v_c": 0.3798611111111111, "capacity_los": "E", "collisions": 11, "collisions_by_year": {"2021": 3, "2022": 2, "2024": 4, "2025": 2}, "combined": 11.379861111111111, "rank_combined_city": 119, "length_mi": 0.1000236461216743, "crashes_per_mi": 109.97399541523401, "crashes_per_mvmt": 4.406561134566488, "geom_source": "override"}}, {"type": "Feature", "geometry": {"type": "LineString", "coordinates": [[-97.4315318468907, 35.2183629682057], [-97.4292025012907, 35.2183726157372], [-97.4278098011496, 35.2183709528598], [-97.4277403329422, 35.2183709713016], [-97.42761059925061, 35.2183715709821], [-97.4272557152026, 35.218372837651], [-97.4267292918667, 35.2183690125169], [-97.42360393416742, 35.218386687299]]}, "properties": {"loc_id": "52500-35", "on_road": "E Alameda St", "from_road": "Morningside Dr ", "to_road": "12 th E", "wards": [4], "ward_primary": 4, "shared_boundary": false, "functional_class": "Minor Arterial", "class_source": "city", "lanes_final": 5, "lanes_source": "verified", "one_way": false, "divided": false, "vpd_max": 15424.0, "volume_year": 2026, "capacity_C": 24000.0, "capacity_E": 36000.0, "v_c_C": 0.6426666666666667, "v_c_E": 0.42844444444444446, "v_c": 0.42844444444444446, "capacity_los": "E", "collisions": 47, "collisions_by_year": {"2021": 12, "2022": 9, "2023": 10, "2024": 8, "2025": 8}, "combined": 47.428444444444445, "rank_combined_city": 35, "length_mi": 0.4480045588308432, "crashes_per_mi": 104.90964672916682, "crashes_per_mvmt": 3.726966930354645, "geom_source": "clipped"}}, {"type": "Feature", "geometry": {"type": "LineString", "coordinates": [[-97.33558074573, 35.2182813235653], [-97.33309052001648, 35.218622947361], [-97.33101589176752, 35.2191127367036], [-97.3307965342272, 35.2191855119547], [-97.3181087437324, 35.2233940707313]]}, "properties": {"loc_id": "52500-36", "on_road": "E Alameda Dr", "from_road": "72nd Ave.E", "to_road": "84th Ave.NE", "wards": [5], "ward_primary": 5, "shared_boundary": false, "functional_class": "Minor Arterial", "class_source": "city", "lanes_final": 2, "lanes_source": "verified", "one_way": false, "divided": false, "vpd_max": 2550.0, "volume_year": 2025, "capacity_C": 10000.0, "capacity_E": 17100.0, "v_c_C": 0.255, "v_c_E": 0.14912280701754385, "v_c": 0.14912280701754385, "capacity_los": "E", "collisions": 15, "collisions_by_year": {"2021": 2, "2022": 3, "2023": 3, "2024": 5, "2025": 2}, "combined": 15.149122807017545, "rank_combined_city": 100, "length_mi": 1.0510856426866675, "crashes_per_mi": 14.270958893186553, "crashes_per_mvmt": 3.0665503933787925, "geom_source": "clipped"}}, {"type": "Feature", "geometry": {"type": "LineString", "coordinates": [[-97.3181454982804, 35.2762753325008], [-97.3182559857828, 35.2889953915181], [-97.31828806151918, 35.2906947875485]]}, "properties": {"loc_id": "52500-37", "on_road": "NE 84th Ave NE", "from_road": "Ind Hills Rd", "to_road": "Franklin", "wards": [5], "ward_primary": 5, "shared_boundary": false, "functional_class": "Collector", "class_source": "city", "lanes_final": 2, "lanes_source": "verified", "one_way": false, "divided": false, "vpd_max": 1014.0, "volume_year": 2020, "capacity_C": 10000.0, "capacity_E": 17100.0, "v_c_C": 0.1014, "v_c_E": 0.059298245614035086, "v_c": 0.059298245614035086, "capacity_los": "E", "collisions": 1, "collisions_by_year": {"2021": 1}, "combined": 1.0592982456140352, "rank_combined_city": 198, "length_mi": 0.9907610511553968, "crashes_per_mi": 1.0093251029941366, "crashes_per_mvmt": 0.5454189851634036, "geom_source": "clipped"}}, {"type": "Feature", "geometry": {"type": "LineString", "coordinates": [[-97.4589904025379, 35.2111520040459], [-97.4589802546703, 35.2102710821441], [-97.4589669558517, 35.2093602666083], [-97.4589702651904, 35.2084689285233], [-97.45897034597212, 35.2075595467507]]}, "properties": {"loc_id": "52500-38", "on_road": "S Berry Rd S", "from_road": "Boyd", "to_road": "Brooks St", "wards": [2, 4], "ward_primary": 4, "shared_boundary": true, "functional_class": "Minor Arterial", "class_source": "city", "lanes_final": 2, "lanes_source": "verified", "one_way": false, "divided": false, "vpd_max": 8862.0, "volume_year": 2024, "capacity_C": 10000.0, "capacity_E": 17100.0, "v_c_C": 0.8862, "v_c_E": 0.5182456140350877, "v_c": 0.5182456140350877, "capacity_los": "E", "collisions": 10, "collisions_by_year": {"2021": 2, "2022": 3, "2023": 3, "2024": 1, "2025": 1}, "combined": 10.518245614035088, "rank_combined_city": 123, "length_mi": 0.24683626741465506, "crashes_per_mi": 40.5126852092655, "crashes_per_mvmt": 2.5049347349938325, "geom_source": "clipped"}}, {"type": "Feature", "geometry": {"type": "LineString", "coordinates": [[-97.45897034597212, 35.2075595467507], [-97.45896786808102, 35.206657535651], [-97.4589754172463, 35.2052452420534], [-97.4589756988352, 35.2039206615572]]}, "properties": {"loc_id": "52500-39", "on_road": "S Berry Rd S", "from_road": "Brooks St", "to_road": "Lindsey", "wards": [2, 4], "ward_primary": 4, "shared_boundary": true, "functional_class": "Minor Arterial", "class_source": "acog", "lanes_final": 2, "lanes_source": "verified", "one_way": false, "divided": false, "vpd_max": 8467.0, "volume_year": 2024, "capacity_C": 10000.0, "capacity_E": 17100.0, "v_c_C": 0.8467, "v_c_E": 0.49514619883040933, "v_c": 0.49514619883040933, "capacity_los": "E", "collisions": 15, "collisions_by_year": {"2021": 3, "2022": 5, "2024": 2, "2025": 5}, "combined": 15.49514619883041, "rank_combined_city": 97, "length_mi": 0.2500197952033781, "crashes_per_mi": 59.99524952733555, "crashes_per_mvmt": 3.882615959613426, "geom_source": "clipped"}}, {"type": "Feature", "geometry": {"type": "LineString", "coordinates": [[-97.38811766599959, 35.1895628590257], [-97.38812771725469, 35.1886174061408], [-97.38812968289452, 35.1884325393497], [-97.3881313608679, 35.1882747341406], [-97.388170873121, 35.184409876767], [-97.3882668740475, 35.1750180903566], [-97.38828411458279, 35.1718888589881], [-97.3883049879573, 35.1695138110123], [-97.3883828382974, 35.1606642028817], [-97.38839047567372, 35.1605357975553]]}, "properties": {"loc_id": "52500-4", "on_road": "36th Ave Se", "from_road": "Sh 9 ", "to_road": "Post Oak", "wards": [5], "ward_primary": 5, "shared_boundary": false, "functional_class": "Minor Arterial", "class_source": "acog", "lanes_final": 2, "lanes_source": "verified", "one_way": false, "divided": false, "vpd_max": 1828.0, "volume_year": 2026, "capacity_C": 10000.0, "capacity_E": 17100.0, "v_c_C": 0.1828, "v_c_E": 0.10690058479532163, "v_c": 0.10690058479532163, "capacity_los": "E", "collisions": 9, "collisions_by_year": {"2021": 3, "2022": 1, "2023": 4, "2025": 1}, "combined": 9.106900584795321, "rank_combined_city": 132, "length_mi": 1.9944452817530776, "crashes_per_mi": 4.512532924487745, "crashes_per_mvmt": 1.3526371884798856, "geom_source": "clipped"}}, {"type": "Feature", "geometry": {"type": "LineString", "coordinates": [[-97.4590677148046, 35.197132957302], [-97.45907408389851, 35.1966698767976], [-97.4590803553237, 35.19622225074], [-97.45908972322161, 35.1954281249052], [-97.4590982800556, 35.1946298723961], [-97.4591271818637, 35.1917405982936], [-97.45915420571248, 35.1893947840527]]}, "properties": {"loc_id": "52500-42", "on_road": "S Berry Rd S", "from_road": "Westbrooke Terr.", "to_road": "Imhoff", "wards": [2, 4], "ward_primary": 2, "shared_boundary": true, "functional_class": "Minor Arterial", "class_source": "city", "lanes_final": 2, "lanes_source": "verified", "one_way": false, "divided": false, "vpd_max": 4929.0, "volume_year": 2024, "capacity_C": 10000.0, "capacity_E": 17100.0, "v_c_C": 0.4929, "v_c_E": 0.2882456140350877, "v_c": 0.2882456140350877, "capacity_los": "E", "collisions": 4, "collisions_by_year": {"2021": 2, "2022": 1, "2023": 1}, "combined": 4.2882456140350875, "rank_combined_city": 172, "length_mi": 0.5316932537501282, "crashes_per_mi": 7.523134761984058, "crashes_per_mvmt": 0.8363289963491506, "geom_source": "clipped"}}, {"type": "Feature", "geometry": {"type": "LineString", "coordinates": [[-97.4590104647557, 35.2329418030345], [-97.459013178627, 35.2320135527931], [-97.4590096030045, 35.2314075738094], [-97.45900704507771, 35.2311584097908], [-97.4589955561892, 35.2279195659042], [-97.4589962416082, 35.2270455644455], [-97.4589941494275, 35.225956226348], [-97.45898624851519, 35.225628054502], [-97.4589817232768, 35.225552137032], [-97.4589830407883, 35.2252221164209]]}, "properties": {"loc_id": "52500-45", "on_road": "N Berry Rd", "from_road": "Robinson", "to_road": "Dakota St", "wards": [2, 4], "ward_primary": 2, "shared_boundary": true, "functional_class": "Minor Arterial", "class_source": "acog", "lanes_final": 2, "lanes_source": "verified", "one_way": false, "divided": false, "vpd_max": 9263.0, "volume_year": 2023, "capacity_C": 10000.0, "capacity_E": 17100.0, "v_c_C": 0.9263, "v_c_E": 0.5416959064327486, "v_c": 0.5416959064327486, "capacity_los": "E", "collisions": 26, "collisions_by_year": {"2021": 6, "2022": 2, "2023": 9, "2024": 5, "2025": 4}, "combined": 26.54169590643275, "rank_combined_city": 73, "length_mi": 0.530413498445456, "crashes_per_mi": 49.018360347542426, "crashes_per_mvmt": 2.899641102547766, "geom_source": "clipped"}}, {"type": "Feature", "geometry": {"type": "LineString", "coordinates": [[-97.4589820868056, 35.2251118744681], [-97.45898111726531, 35.2246195756078], [-97.4589805779262, 35.2243177080533], [-97.45898357872831, 35.2241144157559], [-97.458992513981, 35.223643796642], [-97.45899068567928, 35.2234109498363], [-97.45898501225018, 35.2231262287702], [-97.4589835309455, 35.2225843035501], [-97.4589881533316, 35.2221328985417], [-97.4589829013809, 35.2216553473886], [-97.4589742221197, 35.2208056865133], [-97.45899059335548, 35.2199652366514], [-97.4589720565774, 35.2184462015612]]}, "properties": {"loc_id": "52500-46", "on_road": "N Berry Rd", "from_road": "Dakota St", "to_road": "Main(Nrm)", "wards": [2, 4], "ward_primary": 4, "shared_boundary": true, "functional_class": "Minor Arterial", "class_source": "acog", "lanes_final": 2, "lanes_source": "verified", "one_way": false, "divided": false, "vpd_max": 9500.0, "volume_year": 2024, "capacity_C": 10000.0, "capacity_E": 17100.0, "v_c_C": 0.95, "v_c_E": 0.5555555555555556, "v_c": 0.5555555555555556, "capacity_los": "E", "collisions": 21, "collisions_by_year": {"2021": 4, "2022": 4, "2023": 7, "2024": 6}, "combined": 21.555555555555557, "rank_combined_city": 82, "length_mi": 0.4580069707042411, "crashes_per_mi": 45.85083054022073, "crashes_per_mvmt": 2.644604501238398, "geom_source": "clipped"}}, {"type": "Feature", "geometry": {"type": "LineString", "coordinates": [[-97.46779611687988, 35.2111617478176], [-97.4689851837588, 35.2111861180517], [-97.4705729360473, 35.2111598241106], [-97.47166922423311, 35.2111660832375], [-97.47352293749019, 35.2111664760441], [-97.47421499946641, 35.2111740722742], [-97.47464098729822, 35.2113043330673], [-97.4750384585575, 35.2113123830666], [-97.4766224918111, 35.2113452348601], [-97.4766802325038, 35.2113456518156]]}, "properties": {"loc_id": "52500-47", "on_road": "W Boyd St", "from_road": "24 th W", "to_road": "Mcgee Dr", "wards": [2], "ward_primary": 2, "shared_boundary": false, "functional_class": "Collector", "class_source": "acog", "lanes_final": 3, "lanes_source": "verified", "one_way": false, "divided": false, "vpd_max": 6600.0, "volume_year": 2018, "capacity_C": 10000.0, "capacity_E": 17100.0, "v_c_C": 0.66, "v_c_E": 0.38596491228070173, "v_c": 0.38596491228070173, "capacity_los": "E", "collisions": 12, "collisions_by_year": {"2021": 3, "2022": 3, "2023": 3, "2024": 2, "2025": 1}, "combined": 12.385964912280702, "rank_combined_city": 115, "length_mi": 0.5037204279722622, "crashes_per_mi": 23.82273843510033, "crashes_per_mvmt": 1.9778114101370137, "geom_source": "clipped"}}, {"type": "Feature", "geometry": {"type": "LineString", "coordinates": [[-97.4412577079277, 35.2111190865818], [-97.44187030253032, 35.2111206665145], [-97.4424912680791, 35.2111221073767], [-97.44308544943291, 35.2111237699514], [-97.44371645508731, 35.2111255962155]]}, "properties": {"loc_id": "52500-49", "on_road": "W Boyd St", "from_road": "Asp", "to_road": "Jenkins", "wards": [4], "ward_primary": 4, "shared_boundary": false, "functional_class": "Minor Arterial", "class_source": "override", "lanes_final": 5, "lanes_source": "verified", "one_way": false, "divided": false, "vpd_max": 17952.0, "volume_year": 2018, "capacity_C": 24000.0, "capacity_E": 36000.0, "v_c_C": 0.748, "v_c_E": 0.49866666666666665, "v_c": 0.49866666666666665, "capacity_los": "E", "collisions": 56, "collisions_by_year": {"2021": 11, "2022": 16, "2023": 8, "2024": 7, "2025": 14}, "combined": 56.498666666666665, "rank_combined_city": 28, "length_mi": 0.1389416792574015, "crashes_per_mi": 403.0468056763237, "crashes_per_mvmt": 12.302114792454878, "geom_source": "clipped"}}, {"type": "Feature", "geometry": {"type": "LineString", "coordinates": [[-97.49432266294583, 35.208893986784815], [-97.4942880684694, 35.209490826662], [-97.4942865790214, 35.2097348225778], [-97.4942865830156, 35.20973500613754]]}, "properties": {"loc_id": "52500-5", "on_road": "36th Ave SW", "from_road": "Ed Noble ", "to_road": "Riverwalk", "wards": [3], "ward_primary": 3, "shared_boundary": false, "functional_class": "Minor Arterial", "class_source": "acog", "lanes_final": 2, "lanes_source": "verified", "one_way": false, "divided": false, "vpd_max": 9891.0, "volume_year": 2026, "capacity_C": 10000.0, "capacity_E": 17100.0, "v_c_C": 0.9891, "v_c_E": 0.578421052631579, "v_c": 0.578421052631579, "capacity_los": "E", "collisions": 2, "collisions_by_year": {"2024": 2}, "combined": 2.5784210526315787, "rank_combined_city": 187, "length_mi": 0.05783111914670239, "crashes_per_mi": 34.58345661488107, "crashes_per_mvmt": 1.9158668730189794, "geom_source": "override"}}, {"type": "Feature", "geometry": {"type": "LineString", "coordinates": [[-97.45614987109839, 35.2111700418408], [-97.4565858987656, 35.2111692208462], [-97.4589904025379, 35.2111520040459]]}, "properties": {"loc_id": "52500-50", "on_road": "W Boyd St", "from_road": "Berry", "to_road": "Broad Ln", "wards": [4], "ward_primary": 4, "shared_boundary": false, "functional_class": "Minor Arterial", "class_source": "city", "lanes_final": 2, "lanes_source": "verified", "one_way": false, "divided": false, "vpd_max": 9894.0, "volume_year": 2018, "capacity_C": 10000.0, "capacity_E": 17100.0, "v_c_C": 0.9894, "v_c_E": 0.5785964912280702, "v_c": 0.5785964912280702, "capacity_los": "E", "collisions": 4, "collisions_by_year": {"2023": 2, "2024": 1, "2025": 1}, "combined": 4.57859649122807, "rank_combined_city": 169, "length_mi": 0.16052035548769317, "crashes_per_mi": 24.91895802153686, "crashes_per_mvmt": 1.3800508968511074, "geom_source": "clipped"}}, {"type": "Feature", "geometry": {"type": "LineString", "coordinates": [[-97.4869242478749, 35.2619460336091], [-97.4871478413898, 35.2619449041787], [-97.4899398481847, 35.2619286925378], [-97.4926816035869, 35.2619130658056], [-97.4943363715407, 35.2619039076762]]}, "properties": {"loc_id": "52500-5000", "on_road": "TECUMSEH RD", "from_road": "36TH AVE NW", "to_road": "N INTERSTATE DR W", "wards": [8], "ward_primary": 8, "shared_boundary": false, "functional_class": "Principal Arterial", "class_source": "city", "lanes_final": 5, "lanes_source": "verified", "one_way": false, "divided": false, "vpd_max": 20979.0, "volume_year": 2026, "capacity_C": 24000.0, "capacity_E": 36000.0, "v_c_C": 0.874125, "v_c_E": 0.58275, "v_c": 0.58275, "capacity_los": "E", "collisions": 62, "collisions_by_year": {"2021": 10, "2022": 12, "2023": 7, "2024": 17, "2025": 16}, "combined": 62.58275, "rank_combined_city": 20, "length_mi": 0.4188605311365889, "crashes_per_mi": 148.02063071390708, "crashes_per_mvmt": 3.8661134902392824, "geom_source": "clipped"}}, {"type": "Feature", "geometry": {"type": "LineString", "coordinates": [[-97.4766839561775, 35.2620180543638], [-97.4766847645935, 35.2616909195329], [-97.4766302245361, 35.2592796228366], [-97.4766474317111, 35.2583973080877], [-97.47668973410569, 35.2581446955398], [-97.4767608690323, 35.2579303625116], [-97.47682588808479, 35.257763701211], [-97.47691407510018, 35.2576114464202], [-97.4770198267807, 35.2574401881711], [-97.4770668270228, 35.2573640730591], [-97.4771838771309, 35.257245328616], [-97.47747056426878, 35.2569675207291], [-97.47773933883431, 35.2567635660131], [-97.47787937588392, 35.2566878453813], [-97.4783201006402, 35.2564631035135], [-97.4786359895633, 35.2563020174951], [-97.4799243937681, 35.2556791900458], [-97.48002267154769, 35.2556299804426], [-97.48008316220032, 35.2555982992759], [-97.48014281539511, 35.2555657546503], [-97.4802033134198, 35.2555321842186], [-97.4802613048884, 35.2554980866952], [-97.4803184632569, 35.2554629562805], [-97.48037562806658, 35.2554269668765], [-97.48043196091521, 35.2553902880031], [-97.480486621203, 35.2553529143101], [-97.48054128901688, 35.2553146834371], [-97.4805951237681, 35.2552755882309], [-97.4806472870404, 35.255235800918], [-97.4806994556938, 35.2551954980312], [-97.48075079234079, 35.2551541622656], [-97.480800457546, 35.255112303852], [-97.4808501280925, 35.2550695855492], [-97.48089812719282, 35.2550263455024], [-97.4809452954359, 35.2549824151005], [-97.4809916272967, 35.2549376239654], [-97.4810371261537, 35.2548924849824], [-97.48108179413991, 35.2548464825871], [-97.4811256268887, 35.2547999628817], [-97.4811677892959, 35.2547529214448], [-97.4812082780583, 35.254705184303], [-97.48124877435671, 35.2546567630516], [-97.48128843436491, 35.2546079930427], [-97.4813272591511, 35.2545587039257], [-97.4813644157739, 35.2545087218351], [-97.48139989987209, 35.2544582171097], [-97.4814345509389, 35.2544071950915], [-97.4814692030204, 35.2543558287498], [-97.4815013441999, 35.2543041084022], [-97.4815309702548, 35.2542532355375], [-97.48156144319601, 35.254200478798], [-97.48159108424859, 35.2541473742284], [-97.4816190527683, 35.2540935748724], [-97.4816461850019, 35.2540394285706], [-97.4816716458155, 35.2539847614501], [-97.4816971153169, 35.2539295787856], [-97.4817209046706, 35.2538742168799], [-97.481743026975, 35.2538179880563], [-97.4817643119017, 35.2537615880494], [-97.48178476276712, 35.2537048384055], [-97.4818043784566, 35.2536477418243], [-97.48182232167001, 35.2535902956818], [-97.4818394308218, 35.253532500805], [-97.4818548652995, 35.2534743572601], [-97.48186946462569, 35.2534160398398], [-97.4818823904647, 35.2533577117651], [-97.48189448002529, 35.253299039455], [-97.48190573011121, 35.2532405339641], [-97.4819144715521, 35.2531816744933], [-97.4819232119307, 35.253123158432], [-97.4819319941715, 35.2530577742272], [-97.4819382054314, 35.253001824486], [-97.48194275391312, 35.2529438045435], [-97.4819464683514, 35.2528856125352], [-97.48194766872659, 35.2528274090402], [-97.4819486767883, 35.2527985375026], [-97.4819497074653, 35.2527690369148], [-97.48194839818862, 35.2527108201478], [-97.48194625053299, 35.2526527747128], [-97.48194410286429, 35.2525945562163], [-97.4819394411601, 35.2525365001946], [-97.4819347805667, 35.2524784432747], [-97.4819276092365, 35.2524203739802], [-97.48192043572898, 35.2523624786362], [-97.48191158548889, 35.2523047483898], [-97.481901061833, 35.2522471805504], [-97.48188969872218, 35.2521897831358], [-97.48187665780041, 35.2521325490104], [-97.4818627840108, 35.2520753113754], [-97.48184723133278, 35.2520184100841], [-97.48183167652158, 35.251961853098], [-97.4818127693395, 35.2519054541504], [-97.48179470169771, 35.2518492281887], [-97.48177411681031, 35.2517935089996], [-97.48175353308199, 35.2517379601665], [-97.4817312715521, 35.2516825764211], [-97.4817073355738, 35.2516277002912], [-97.48168255580651, 35.2515731640173], [-97.48165610158442, 35.25151913716], [-97.4816296452525, 35.2514654528016], [-97.4816006727748, 35.251411927291], [-97.4815716992872, 35.251358920047], [-97.48154104917201, 35.251306419503], [-97.4815095574959, 35.2512544309791], [-97.48147638700829, 35.2512031231054], [-97.4814423771302, 35.2511519811391], [-97.4814075278757, 35.2511013539037], [-97.4813709998638, 35.2510515749676], [-97.48133363243718, 35.2510019664428], [-97.4812954213173, 35.2509532115375], [-97.48125637192618, 35.2509047956003], [-97.48121564372339, 35.2508570621083], [-97.4811749145258, 35.2508096702111], [-97.4811316681748, 35.2507629536165], [-97.4810884175314, 35.2507167543653], [-97.4802640680369, 35.249855419643], [-97.4801401638585, 35.2497201048736], [-97.4800744863207, 35.2496458216088], [-97.4800113238467, 35.2495705177843], [-97.47994900632901, 35.2494943594055], [-97.4799121918251, 35.2494470602207], [-97.47988920390358, 35.2494175247907], [-97.4798310858638, 35.2493396670153], [-97.4797746467419, 35.2492609564148], [-97.4797190459698, 35.2491813921413], [-97.47966512852278, 35.249101147224], [-97.47961372611991, 35.2490200557276], [-97.4795631664768, 35.2489382818396], [-97.4795159602611, 35.2488558325757], [-97.4794687562539, 35.2487726973685], [-97.47942407387109, 35.2486887147178], [-97.4793810681913, 35.248604052309], [-97.479339741386, 35.2485185388955], [-97.4792992584323, 35.2484323413015], [-97.47926212666312, 35.2483454701389], [-97.4792258387198, 35.2482579175028], [-97.47919206469982, 35.2481696886602], [-97.47915913233969, 35.2480809468908], [-97.4791287171823, 35.2479915298331], [-97.4791008148469, 35.2479016087281], [-97.4790729147438, 35.2478113424036], [-97.47904837235359, 35.2477204052549], [-97.4790255011448, 35.2476291335597], [-97.47900355837238, 35.2475376981358]]}, "properties": {"loc_id": "52500-5001", "on_road": "24TH AVE NW", "from_road": "TECUMSEH RD", "to_road": "W ROCK CREEK RD", "wards": [8], "ward_primary": 8, "shared_boundary": false, "functional_class": "Minor Arterial", "class_source": "acog", "lanes_final": 4, "lanes_source": "verified", "one_way": false, "divided": true, "vpd_max": 9441.0, "volume_year": 2021, "capacity_C": 26000.0, "capacity_E": 38000.0, "v_c_C": 0.3631153846153846, "v_c_E": 0.24844736842105264, "v_c": 0.24844736842105264, "capacity_los": "E", "collisions": 35, "collisions_by_year": {"2021": 6, "2022": 9, "2023": 6, "2024": 7, "2025": 7}, "combined": 35.248447368421054, "rank_combined_city": 55, "length_mi": 1.1692598156012337, "crashes_per_mi": 29.933466910434266, "crashes_per_mvmt": 1.7373053359760917, "geom_source": "clipped"}}, {"type": "Feature", "geometry": {"type": "LineString", "coordinates": [[-97.47900355837238, 35.2475376981358], [-97.47900347378982, 35.2475373453475], [-97.47898583657401, 35.2474505358796], [-97.47898479428311, 35.2474454027502], [-97.478966955343, 35.2473532897445], [-97.47895162919012, 35.2472608457594], [-97.4789379807823, 35.24716806726], [-97.478926840817, 35.2470752966743], [-97.47891653919902, 35.246982530536], [-97.4789087514772, 35.2468896019794], [-97.4789034732832, 35.2467970292663], [-97.4788998728292, 35.2467042923973], [-97.47889794246639, 35.2466117329543], [-97.4788985237974, 35.2465193563043], [-97.47890077634162, 35.246427500502], [-97.4789047011331, 35.2463358257403], [-97.47891113653071, 35.2462445032218], [-97.47891924528422, 35.2461533581428], [-97.4789298656518, 35.2460622282033], [-97.4789421582848, 35.2459714469556], [-97.4789561253598, 35.2458808422494], [-97.47897176465139, 35.2457904176802], [-97.4789899144694, 35.2457001767971], [-97.47900973543081, 35.2456102845985], [-97.479031230804, 35.2455207447032], [-97.479040718653, 35.2454854246508], [-97.4790552356015, 35.2454313857821], [-97.47908091152959, 35.2453425495047], [-97.4791082607706, 35.2452540628186], [-97.4791372800122, 35.2451659275115], [-97.47916880977708, 35.2450783183979], [-97.479201172349, 35.2449912274735], [-97.47923604323108, 35.2449044887685], [-97.4792734235298, 35.2448184493078], [-97.47931163660078, 35.2447327567746], [-97.4793523557874, 35.244647762567], [-97.479394751564, 35.244563289211], [-97.47943797574571, 35.2444795061769], [-97.4794837114995, 35.2443962502279], [-97.47953194899199, 35.2443138611314], [-97.4795810236405, 35.2442319920324], [-97.4796317650041, 35.2441509880526], [-97.4796850168432, 35.2440706824017], [-97.479739100353, 35.243990894016], [-97.4797956877719, 35.2439121482448], [-97.47985310799538, 35.2438342631571], [-97.4799122014926, 35.2437570710465], [-97.4799737944877, 35.2436809224253], [-97.4800362235653, 35.243605461435], [-97.48010031714851, 35.2435310385975], [-97.48016692009611, 35.2434574862216], [-97.48040402577149, 35.2431978160896]]}, "properties": {"loc_id": "52500-5002", "on_road": "24TH AVE NW", "from_road": "W ROCK CREEK RD", "to_road": "Conference Dr", "wards": [8], "ward_primary": 8, "shared_boundary": false, "functional_class": "Minor Arterial", "class_source": "acog", "lanes_final": 4, "lanes_source": "verified", "one_way": false, "divided": false, "vpd_max": 12635.0, "volume_year": 2021, "capacity_C": 22000.0, "capacity_E": 34200.0, "v_c_C": 0.5743181818181818, "v_c_E": 0.36944444444444446, "v_c": 0.36944444444444446, "capacity_los": "E", "collisions": 10, "collisions_by_year": {"2021": 3, "2022": 1, "2023": 3, "2024": 2, "2025": 1}, "combined": 10.369444444444444, "rank_combined_city": 124, "length_mi": 0.3186283714769467, "crashes_per_mi": 31.38452471651137, "crashes_per_mvmt": 1.3610605338079749, "geom_source": "clipped"}}, {"type": "Feature", "geometry": {"type": "LineString", "coordinates": [[-97.4818127996335, 35.2372376196421], [-97.4817760930735, 35.2371632371938], [-97.4817297628491, 35.2370751270509], [-97.48168091813791, 35.23698769313], [-97.48163123320741, 35.2369009415807], [-97.4815790305196, 35.236815039296], [-97.48152598759782, 35.23672964722], [-97.48147042693348, 35.2366451035023], [-97.4814131878485, 35.2365614125786], [-97.4813534332398, 35.2364785682139], [-97.4812928351552, 35.2363965783552], [-97.4812305553637, 35.2363154412698], [-97.48086678064121, 35.23585372574], [-97.48083107739009, 35.2358068702217], [-97.4808103271117, 35.2357786223726], [-97.4807895746366, 35.2357502014493], [-97.48076966255088, 35.2357216146132], [-97.48075059085171, 35.235692687001], [-97.48073151914099, 35.2356635881271], [-97.4807132845393, 35.2356343206233], [-97.4806958914212, 35.235604712349], [-97.48067849829071, 35.2355749328134], [-97.4806619444535, 35.2355449864608], [-97.48064538951638, 35.2355148670399], [-97.480629673877, 35.2354845799011], [-97.4806147964361, 35.2354541250401], [-97.48059991899301, 35.2354234971159], [-97.4805858830429, 35.2353927014837], [-97.4805718448817, 35.2353617345818], [-97.4805586449111, 35.2353306008599], [-97.48054628535, 35.235299296722], [-97.48053392359549, 35.2352679934747], [-97.4805224022081, 35.2352363512572], [-97.4805117190497, 35.235204710775], [-97.4805010347709, 35.2351728999297], [-97.48049118979992, 35.2351409186647], [-97.4804821841075, 35.2351087714869], [-97.4804731762435, 35.2350767964586], [-97.4804650065753, 35.2350446528092], [-97.4804568379748, 35.2350121648437], [-97.4804503436155, 35.2349798561074], [-97.4804430143079, 35.2349472004262], [-97.4804373581466, 35.2349147230684], [-97.4804317019841, 35.2348822466113], [-97.48042688619151, 35.2348494293831], [-97.4804220671312, 35.2348167833989], [-97.4804189255586, 35.2347839732402], [-97.4804149457485, 35.2347509900852], [-97.4804126391137, 35.2347183547102], [-97.4804103357281, 35.2346853768315], [-97.4804088661775, 35.2346525737325], [-97.4804073987955, 35.2346196002852], [-97.48040760563418, 35.2345866321056], [-97.4804036939712, 35.232941638071]]}, "properties": {"loc_id": "52500-5003", "on_road": "24TH AVE NW", "from_road": "Mount Williams Dr", "to_road": "W ROBINSON ST", "wards": [8], "ward_primary": 8, "shared_boundary": false, "functional_class": "Minor Arterial", "class_source": "city", "lanes_final": 4, "lanes_source": "verified", "one_way": false, "divided": true, "vpd_max": 18743.0, "volume_year": 2021, "capacity_C": 26000.0, "capacity_E": 38000.0, "v_c_C": 0.7208846153846153, "v_c_E": 0.49323684210526314, "v_c": 0.49323684210526314, "capacity_los": "E", "collisions": 85, "collisions_by_year": {"2021": 17, "2022": 16, "2023": 20, "2024": 16, "2025": 16}, "combined": 85.49323684210526, "rank_combined_city": 11, "length_mi": 0.3144187621481183, "crashes_per_mi": 270.34010126901296, "crashes_per_mvmt": 7.903300556964475, "geom_source": "clipped"}}, {"type": "Feature", "geometry": {"type": "LineString", "coordinates": [[-97.48562791630833, 35.2478578836883], [-97.48980114755129, 35.2478983152494], [-97.4903549988107, 35.247868657416], [-97.49060759805782, 35.2478224966989], [-97.49180888223741, 35.2475478562567], [-97.4921856417517, 35.2474658939238], [-97.4924914907152, 35.2474341634673], [-97.49320854731081, 35.2474047476068], [-97.49425093761111, 35.2473761946834]]}, "properties": {"loc_id": "52500-5004", "on_road": "W ROCK CREEK RD", "from_road": "36TH AVE NW", "to_road": "I-35", "wards": [8], "ward_primary": 8, "shared_boundary": false, "functional_class": "Minor Arterial", "class_source": "city", "lanes_final": 4, "lanes_source": "verified", "one_way": false, "divided": false, "vpd_max": 8627.0, "volume_year": 2025, "capacity_C": 22000.0, "capacity_E": 34200.0, "v_c_C": 0.3921363636363636, "v_c_E": 0.2522514619883041, "v_c": 0.2522514619883041, "capacity_los": "E", "collisions": 9, "collisions_by_year": {"2021": 3, "2022": 1, "2023": 3, "2025": 2}, "combined": 9.252251461988305, "rank_combined_city": 130, "length_mi": 0.4912337408330244, "crashes_per_mi": 18.32121707425467, "crashes_per_mvmt": 1.1636748643081163, "geom_source": "clipped"}}, {"type": "Feature", "geometry": {"type": "LineString", "coordinates": [[-97.47900355837238, 35.2475376981358], [-97.4794596712936, 35.2475392760986], [-97.48024343371411, 35.2475419835326], [-97.48055870298128, 35.2475649068227], [-97.4812599767765, 35.2476930698836], [-97.4819228438492, 35.2477928448798], [-97.4822752867243, 35.247827390927], [-97.4826380118916, 35.2478289165652], [-97.48544537359173, 35.24785611515773]]}, "properties": {"loc_id": "52500-5005", "on_road": "W ROCK CREEK RD", "from_road": "I-35", "to_road": "24TH AVE NW", "wards": [8], "ward_primary": 8, "shared_boundary": false, "functional_class": "Minor Arterial", "class_source": "city", "lanes_final": 4, "lanes_source": "verified", "one_way": false, "divided": false, "vpd_max": 7883.0, "volume_year": 2025, "capacity_C": 22000.0, "capacity_E": 34200.0, "v_c_C": 0.3583181818181818, "v_c_E": 0.2304970760233918, "v_c": 0.2304970760233918, "capacity_los": "E", "collisions": 3, "collisions_by_year": {"2022": 1, "2024": 2}, "combined": 3.2304970760233918, "rank_combined_city": 183, "length_mi": 0.36583054894215755, "crashes_per_mi": 8.200517995762945, "crashes_per_mvmt": 0.5700157957917381, "geom_source": "clipped"}}, {"type": "Feature", "geometry": {"type": "LineString", "coordinates": [[-97.44567304885818, 35.2111347718541], [-97.4478674468823, 35.2111247249676], [-97.4489637990988, 35.2111212284471], [-97.4500884781091, 35.211137078623]]}, "properties": {"loc_id": "52500-52", "on_road": "W Boyd St", "from_road": "Chautauqua ", "to_road": "University", "wards": [4], "ward_primary": 4, "shared_boundary": false, "functional_class": "Minor Arterial", "class_source": "override", "lanes_final": 4, "lanes_source": "verified", "one_way": false, "divided": false, "vpd_max": 16483.0, "volume_year": 2026, "capacity_C": 22000.0, "capacity_E": 34200.0, "v_c_C": 0.7492272727272727, "v_c_E": 0.48195906432748536, "v_c": 0.48195906432748536, "capacity_los": "E", "collisions": 28, "collisions_by_year": {"2021": 5, "2022": 7, "2023": 6, "2024": 8, "2025": 2}, "combined": 28.481959064327484, "rank_combined_city": 69, "length_mi": 0.2495225099728059, "crashes_per_mi": 112.21432488416202, "crashes_per_mvmt": 3.7303464967779014, "geom_source": "clipped"}}, {"type": "Feature", "geometry": {"type": "LineString", "coordinates": [[-97.42948606397421, 35.2111059124989], [-97.4304726752106, 35.2111185559648], [-97.43243081408889, 35.2111463229556], [-97.43249106248952, 35.2111474608771], [-97.4346242586498, 35.211154192822], [-97.43573481760231, 35.2111536278031], [-97.436367605773, 35.2111393582147]]}, "properties": {"loc_id": "52500-53", "on_road": "Boyd St", "from_road": "Classen(Nrm)", "to_road": "Tarman Cir", "wards": [4], "ward_primary": 4, "shared_boundary": false, "functional_class": "Collector", "class_source": "acog", "lanes_final": 2, "lanes_source": "verified", "one_way": false, "divided": false, "vpd_max": 5060.0, "volume_year": 2018, "capacity_C": 10000.0, "capacity_E": 17100.0, "v_c_C": 0.506, "v_c_E": 0.295906432748538, "v_c": 0.295906432748538, "capacity_los": "E", "collisions": 4, "collisions_by_year": {"2021": 2, "2022": 1, "2024": 1}, "combined": 4.295906432748538, "rank_combined_city": 171, "length_mi": 0.388906405055836, "crashes_per_mi": 10.285251021838308, "crashes_per_mvmt": 1.1137853724444537, "geom_source": "clipped"}}, {"type": "Feature", "geometry": {"type": "LineString", "coordinates": [[-97.4500884781091, 35.211137078623], [-97.45084830332948, 35.2111482001004], [-97.4515797231168, 35.2111516358507], [-97.4523019521238, 35.2111531370537], [-97.45303672283929, 35.2111562365407]]}, "properties": {"loc_id": "52500-54", "on_road": "W Boyd St", "from_road": "Flood", "to_road": "Chautauqua", "wards": [4], "ward_primary": 4, "shared_boundary": false, "functional_class": "Minor Arterial", "class_source": "city", "lanes_final": 4, "lanes_source": "verified", "one_way": false, "divided": false, "vpd_max": 13638.0, "volume_year": 2023, "capacity_C": 22000.0, "capacity_E": 34200.0, "v_c_C": 0.6199090909090909, "v_c_E": 0.3987719298245614, "v_c": 0.3987719298245614, "capacity_los": "E", "collisions": 30, "collisions_by_year": {"2021": 10, "2022": 10, "2023": 4, "2024": 1, "2025": 5}, "combined": 30.398771929824562, "rank_combined_city": 65, "length_mi": 0.16661004457445197, "crashes_per_mi": 180.06117264192972, "crashes_per_mvmt": 7.2344666550926275, "geom_source": "clipped"}}, {"type": "Feature", "geometry": {"type": "LineString", "coordinates": [[-97.436367605773, 35.2111393582147], [-97.4374916405068, 35.2111264749973], [-97.43780969699749, 35.2111210598988], [-97.43828762837448, 35.2111115672401], [-97.4388801660206, 35.2111089484985]]}, "properties": {"loc_id": "52500-55", "on_road": "Boyd", "from_road": "Trout Ave ", "to_road": "Classen(Nrm)", "wards": [4], "ward_primary": 4, "shared_boundary": false, "functional_class": "Minor Arterial", "class_source": "override", "lanes_final": 4, "lanes_source": "verified", "one_way": false, "divided": false, "vpd_max": 13962.0, "volume_year": 2026, "capacity_C": 22000.0, "capacity_E": 34200.0, "v_c_C": 0.6346363636363637, "v_c_E": 0.40824561403508774, "v_c": 0.40824561403508774, "capacity_los": "E", "collisions": 40, "collisions_by_year": {"2021": 11, "2022": 11, "2023": 7, "2024": 7, "2025": 4}, "combined": 40.40824561403509, "rank_combined_city": 46, "length_mi": 0.14200024532525218, "crashes_per_mi": 281.68965418601795, "crashes_per_mvmt": 11.055041931270118, "geom_source": "clipped"}}, {"type": "Feature", "geometry": {"type": "LineString", "coordinates": [[-97.4414100824573, 35.2771393962047], [-97.4418764029773, 35.2771689845566], [-97.44232442987358, 35.2774278875848], [-97.44713157286232, 35.2817613046659], [-97.4515861241347, 35.2881843393027], [-97.4542301136414, 35.290793922115725]]}, "properties": {"loc_id": "52500-56", "on_road": "Broadway Ave", "from_road": "Ind Hill ", "to_road": "Franklin", "wards": [6], "ward_primary": 6, "shared_boundary": false, "functional_class": "Minor Arterial", "class_source": "city", "lanes_final": 2, "lanes_source": "verified", "one_way": false, "divided": false, "vpd_max": 3768.0, "volume_year": 2025, "capacity_C": 10000.0, "capacity_E": 17100.0, "v_c_C": 0.3768, "v_c_E": 0.22035087719298246, "v_c": 0.22035087719298246, "capacity_los": "E", "collisions": 6, "collisions_by_year": {"2021": 2, "2022": 3, "2024": 1}, "combined": 6.220350877192982, "rank_combined_city": 149, "length_mi": 1.2018531727328858, "crashes_per_mi": 4.992290353035921, "crashes_per_mvmt": 0.7259823681813571, "geom_source": "override"}}, {"type": "Feature", "geometry": {"type": "LineString", "coordinates": [[-97.4501174667212, 35.2075264639061], [-97.45085550248379, 35.2075369724926], [-97.4516069833099, 35.2075394684355], [-97.4523325145991, 35.2075427014365], [-97.4530614248948, 35.207541652859]]}, "properties": {"loc_id": "52500-57", "on_road": "W Brooks St", "from_road": "Flood ", "to_road": "Chautauqua", "wards": [4], "ward_primary": 4, "shared_boundary": false, "functional_class": null, "class_source": null, "lanes_final": 2, "lanes_source": "verified", "one_way": false, "divided": false, "vpd_max": 1633.0, "volume_year": 2026, "capacity_C": 10000.0, "capacity_E": 17100.0, "v_c_C": 0.1633, "v_c_E": 0.09549707602339182, "v_c": 0.09549707602339182, "capacity_los": "E", "collisions": 4, "collisions_by_year": {"2021": 1, "2022": 1, "2025": 2}, "combined": 4.095497076023392, "rank_combined_city": 176, "length_mi": 0.16636692720675023, "crashes_per_mi": 24.0432402470778, "crashes_per_mvmt": 8.067592294903172, "geom_source": "clipped"}}, {"type": "Feature", "geometry": {"type": "LineString", "coordinates": [[-97.4501174667212, 35.2075264639061], [-97.4501304033347, 35.2057032894341], [-97.45013552378802, 35.2054363009817], [-97.450150026882, 35.2038811739497]]}, "properties": {"loc_id": "52500-58", "on_road": "Chautauqua Ave", "from_road": "Brooks ", "to_road": "Lindsey", "wards": [4], "ward_primary": 4, "shared_boundary": false, "functional_class": "Collector", "class_source": "city", "lanes_final": 2, "lanes_source": "verified", "one_way": false, "divided": false, "vpd_max": 4884.0, "volume_year": 2026, "capacity_C": 10000.0, "capacity_E": 17100.0, "v_c_C": 0.4884, "v_c_E": 0.2856140350877193, "v_c": 0.2856140350877193, "capacity_los": "E", "collisions": 15, "collisions_by_year": {"2021": 5, "2022": 2, "2023": 4, "2024": 4}, "combined": 15.28561403508772, "rank_combined_city": 99, "length_mi": 0.2504663111609154, "crashes_per_mi": 59.8882936809935, "crashes_per_mvmt": 6.718981037437705, "geom_source": "clipped"}}, {"type": "Feature", "geometry": {"type": "LineString", "coordinates": [[-97.45014107319288, 35.1894693399152], [-97.4501401238358, 35.1891082245228], [-97.4501218611486, 35.1866907714189], [-97.4501167287662, 35.1858253173041], [-97.4501125898643, 35.1851880727317], [-97.4501109296993, 35.184934103081]]}, "properties": {"loc_id": "52500-59", "on_road": "Chautauqua Ave", "from_road": "Imhoff", "to_road": "Sonia Dr", "wards": [4, 7], "ward_primary": 4, "shared_boundary": true, "functional_class": "Minor Arterial", "class_source": "city", "lanes_final": 4, "lanes_source": "verified", "one_way": false, "divided": true, "vpd_max": 5948.0, "volume_year": 2018, "capacity_C": 26000.0, "capacity_E": 38000.0, "v_c_C": 0.22876923076923078, "v_c_E": 0.15652631578947368, "v_c": 0.15652631578947368, "capacity_los": "E", "collisions": 5, "collisions_by_year": {"2021": 1, "2022": 1, "2023": 1, "2025": 2}, "combined": 5.156526315789474, "rank_combined_city": 164, "length_mi": 0.3116096248284813, "crashes_per_mi": 16.045717467013866, "crashes_per_mvmt": 1.4781731598063461, "geom_source": "clipped"}}, {"type": "Feature", "geometry": {"type": "LineString", "coordinates": [[-97.4942925600651, 35.2149242891293], [-97.4943053407689, 35.2173549028699], [-97.49429323362982, 35.2183784189031]]}, "properties": {"loc_id": "52500-6", "on_road": "SW 36th Ave SW", "from_road": "Main(Nrm) ", "to_road": "Creekdale", "wards": [3], "ward_primary": 3, "shared_boundary": false, "functional_class": "Minor Arterial", "class_source": "acog", "lanes_final": 5, "lanes_source": "verified", "one_way": false, "divided": false, "vpd_max": 10651.0, "volume_year": 2026, "capacity_C": 24000.0, "capacity_E": 36000.0, "v_c_C": 0.44379166666666664, "v_c_E": 0.29586111111111113, "v_c": 0.29586111111111113, "capacity_los": "E", "collisions": 14, "collisions_by_year": {"2021": 3, "2022": 2, "2023": 1, "2024": 3, "2025": 5}, "combined": 14.295861111111112, "rank_combined_city": 105, "length_mi": 0.2373295048758527, "crashes_per_mi": 58.989715616368116, "crashes_per_mvmt": 3.0347509008154416, "geom_source": "clipped"}}, {"type": "Feature", "geometry": {"type": "LineString", "coordinates": [[-97.4501401826741, 35.1966647676549], [-97.4501292884914, 35.1962886693321], [-97.4501200131904, 35.1950385642389], [-97.4501066854917, 35.1931383355359], [-97.4501316974693, 35.1923952780142], [-97.450132313911, 35.192302384135], [-97.45014107319288, 35.1894693399152]]}, "properties": {"loc_id": "52500-62", "on_road": "Chautauqua Ave", "from_road": "Timberdell Rd ", "to_road": "Imhoff", "wards": [4, 7], "ward_primary": 7, "shared_boundary": true, "functional_class": "Minor Arterial", "class_source": "override", "lanes_final": 2, "lanes_source": "verified", "one_way": false, "divided": false, "vpd_max": 7128.0, "volume_year": 2026, "capacity_C": 10000.0, "capacity_E": 17100.0, "v_c_C": 0.7128, "v_c_E": 0.4168421052631579, "v_c": 0.4168421052631579, "capacity_los": "E", "collisions": 7, "collisions_by_year": {"2021": 2, "2022": 1, "2023": 1, "2024": 3}, "combined": 7.416842105263158, "rank_combined_city": 143, "length_mi": 0.49441122730173015, "crashes_per_mi": 14.158254532775866, "crashes_per_mvmt": 1.0883764996060965, "geom_source": "clipped"}}, {"type": "Feature", "geometry": {"type": "LineString", "coordinates": [[-97.4238459040742, 35.1943078262732], [-97.4238602063486, 35.1942058034436], [-97.4238886814152, 35.1940026774672], [-97.42395771267378, 35.1935102302637], [-97.423799620593, 35.1926612295228]]}, "properties": {"loc_id": "52500-63", "on_road": "Classen Blvd", "from_road": "12 th E ", "to_road": "Constituton", "wards": [1], "ward_primary": 1, "shared_boundary": false, "functional_class": "Principal Arterial", "class_source": "city", "lanes_final": 5, "lanes_source": "verified", "one_way": false, "divided": false, "vpd_max": 29872.0, "volume_year": 2026, "capacity_C": 24000.0, "capacity_E": 36000.0, "v_c_C": 1.2446666666666666, "v_c_E": 0.8297777777777777, "v_c": 0.8297777777777777, "capacity_los": "E", "collisions": 56, "collisions_by_year": {"2021": 12, "2022": 10, "2023": 8, "2024": 12, "2025": 14}, "combined": 56.82977777777778, "rank_combined_city": 26, "length_mi": 0.11417668419420197, "crashes_per_mi": 490.46791291250116, "crashes_per_mvmt": 8.996703981049759, "geom_source": "clipped"}}, {"type": "Feature", "geometry": {"type": "LineString", "coordinates": [[-97.4364307635655, 35.2183403521029], [-97.4363872393364, 35.2173564215022], [-97.4363907060991, 35.2163550174156], [-97.4363948602795, 35.2153752534734]]}, "properties": {"loc_id": "52500-64", "on_road": "Classen Blvd", "from_road": "Alameda", "to_road": "Duffy St", "wards": [4], "ward_primary": 4, "shared_boundary": false, "functional_class": "Minor Arterial", "class_source": "acog", "lanes_final": 5, "lanes_source": "verified", "one_way": false, "divided": false, "vpd_max": 12468.0, "volume_year": 2025, "capacity_C": 24000.0, "capacity_E": 36000.0, "v_c_C": 0.5195, "v_c_E": 0.3463333333333333, "v_c": 0.3463333333333333, "capacity_los": "E", "collisions": 16, "collisions_by_year": {"2021": 2, "2022": 3, "2023": 3, "2024": 4, "2025": 4}, "combined": 16.346333333333334, "rank_combined_city": 94, "length_mi": 0.20376992222463966, "crashes_per_mi": 78.51992985677892, "crashes_per_mvmt": 3.450803585146365, "geom_source": "clipped"}}, {"type": "Feature", "geometry": {"type": "LineString", "coordinates": [[-97.436367605773, 35.2111393582147], [-97.436353723703, 35.2110886394073], [-97.4358033421743, 35.2101854893628], [-97.4352313060048, 35.2092686732477], [-97.43465506192588, 35.2083573277265], [-97.43409367071382, 35.2074783310094]]}, "properties": {"loc_id": "52500-66", "on_road": "Classen Blvd", "from_road": "Boyd ", "to_road": "Brooks St", "wards": [4], "ward_primary": 4, "shared_boundary": false, "functional_class": "Minor Arterial", "class_source": "city", "lanes_final": 5, "lanes_source": "verified", "one_way": false, "divided": false, "vpd_max": 14660.0, "volume_year": 2025, "capacity_C": 24000.0, "capacity_E": 36000.0, "v_c_C": 0.6108333333333333, "v_c_E": 0.4072222222222222, "v_c": 0.4072222222222222, "capacity_los": "E", "collisions": 40, "collisions_by_year": {"2021": 4, "2022": 13, "2023": 6, "2024": 8, "2025": 9}, "combined": 40.407222222222224, "rank_combined_city": 47, "length_mi": 0.28258082120356964, "crashes_per_mi": 141.5524232311018, "crashes_per_mvmt": 5.29078933379812, "geom_source": "clipped"}}, {"type": "Feature", "geometry": {"type": "LineString", "coordinates": [[-97.43409367071382, 35.2074783310094], [-97.4335041460085, 35.2065543838171], [-97.4329287472382, 35.2056473253811], [-97.432690309256, 35.2052718949569], [-97.43263232211498, 35.2051852579836], [-97.4324664795761, 35.2049629832835], [-97.4324291599472, 35.2049135312385], [-97.4322515256379, 35.2047025347543], [-97.4313519006915, 35.2038540717919]]}, "properties": {"loc_id": "52500-67", "on_road": "Classen Blvd", "from_road": "Brooks St ", "to_road": "Lindsey", "wards": [4], "ward_primary": 4, "shared_boundary": false, "functional_class": "Minor Arterial", "class_source": "city", "lanes_final": 5, "lanes_source": "verified", "one_way": false, "divided": false, "vpd_max": 17148.0, "volume_year": 2025, "capacity_C": 24000.0, "capacity_E": 36000.0, "v_c_C": 0.7145, "v_c_E": 0.47633333333333333, "v_c": 0.47633333333333333, "capacity_los": "E", "collisions": 39, "collisions_by_year": {"2021": 8, "2022": 10, "2023": 10, "2024": 4, "2025": 7}, "combined": 39.476333333333336, "rank_combined_city": 49, "length_mi": 0.29478131293902676, "crashes_per_mi": 132.30146650465204, "crashes_per_mvmt": 4.227545734145347, "geom_source": "clipped"}}, {"type": "Feature", "geometry": {"type": "LineString", "coordinates": [[-97.423799620593, 35.1926612295228], [-97.4235661196039, 35.1921887845869], [-97.4219429493943, 35.1895455459829], [-97.42186433540948, 35.1894206853138]]}, "properties": {"loc_id": "52500-68", "on_road": "Classen Blvd", "from_road": "Constitution ", "to_road": "E Imhoff", "wards": [1, 7], "ward_primary": 7, "shared_boundary": true, "functional_class": "Principal Arterial", "class_source": "city", "lanes_final": 5, "lanes_source": "verified", "one_way": false, "divided": false, "vpd_max": 27826.0, "volume_year": 2026, "capacity_C": 24000.0, "capacity_E": 36000.0, "v_c_C": 1.1594166666666668, "v_c_E": 0.7729444444444444, "v_c": 0.7729444444444444, "capacity_los": "E", "collisions": 60, "collisions_by_year": {"2021": 6, "2022": 13, "2023": 17, "2024": 16, "2025": 8}, "combined": 60.77294444444444, "rank_combined_city": 22, "length_mi": 0.24815949853131083, "crashes_per_mi": 241.77998567493748, "crashes_per_mvmt": 4.761093363454057, "geom_source": "clipped"}}, {"type": "Feature", "geometry": {"type": "LineString", "coordinates": [[-97.42186433540948, 35.1894206853138], [-97.4210012839047, 35.1880468715835], [-97.420902686038, 35.1879086937993], [-97.41938385809111, 35.1856412278507], [-97.4190024429822, 35.1850717871729], [-97.4184025764315, 35.184121614968], [-97.41830698112625, 35.1839701921796]]}, "properties": {"loc_id": "52500-69", "on_road": "Classen Blvd", "from_road": "E Imhoff ", "to_road": "Sh 9", "wards": [1, 7], "ward_primary": 7, "shared_boundary": true, "functional_class": "Principal Arterial", "class_source": "city", "lanes_final": 4, "lanes_source": "verified", "one_way": false, "divided": false, "vpd_max": 24804.0, "volume_year": 2026, "capacity_C": 22000.0, "capacity_E": 34200.0, "v_c_C": 1.1274545454545455, "v_c_E": 0.7252631578947368, "v_c": 0.7252631578947368, "capacity_los": "E", "collisions": 49, "collisions_by_year": {"2021": 13, "2022": 11, "2023": 7, "2024": 9, "2025": 9}, "combined": 49.72526315789474, "rank_combined_city": 31, "length_mi": 0.42507461546626035, "crashes_per_mi": 115.27387949584418, "crashes_per_mvmt": 2.5465154647139143, "geom_source": "clipped"}}, {"type": "Feature", "geometry": {"type": "LineString", "coordinates": [[-97.37050204897432, 35.2182244320568], [-97.3705282289532, 35.2120259451721], [-97.37057852761178, 35.2067276820009], [-97.3705971960283, 35.204711017322], [-97.37059030700752, 35.2037450985779]]}, "properties": {"loc_id": "52500-7", "on_road": "Se 48th Ave Se", "from_road": "Alameda ", "to_road": "Lindsey", "wards": [5], "ward_primary": 5, "shared_boundary": false, "functional_class": "Principal Arterial", "class_source": "override", "lanes_final": 2, "lanes_source": "verified", "one_way": false, "divided": false, "vpd_max": 2646.0, "volume_year": 2026, "capacity_C": 10000.0, "capacity_E": 17100.0, "v_c_C": 0.2646, "v_c_E": 0.15473684210526314, "v_c": 0.15473684210526314, "capacity_los": "E", "collisions": 4, "collisions_by_year": {"2021": 2, "2024": 1, "2025": 1}, "combined": 4.1547368421052635, "rank_combined_city": 175, "length_mi": 0.9948576022855216, "crashes_per_mi": 4.020675914634073, "crashes_per_mvmt": 0.8326190817121887, "geom_source": "clipped"}}, {"type": "Feature", "geometry": {"type": "LineString", "coordinates": [[-97.4313519006915, 35.2038540717919], [-97.4303139989426, 35.2027944412872], [-97.4298069136737, 35.2020120474615], [-97.4293667565224, 35.2013329032179], [-97.4279213797867, 35.1990622161438], [-97.42750335984098, 35.1984054808867]]}, "properties": {"loc_id": "52500-70", "on_road": "Classen Blvd", "from_road": "Lindsey ", "to_road": "Lois St", "wards": [1, 7], "ward_primary": 1, "shared_boundary": true, "functional_class": "Minor Arterial", "class_source": "city", "lanes_final": 5, "lanes_source": "verified", "one_way": false, "divided": false, "vpd_max": 13949.0, "volume_year": 2025, "capacity_C": 24000.0, "capacity_E": 36000.0, "v_c_C": 0.5812083333333333, "v_c_E": 0.3874722222222222, "v_c": 0.3874722222222222, "capacity_los": "E", "collisions": 31, "collisions_by_year": {"2021": 2, "2022": 10, "2023": 10, "2024": 3, "2025": 6}, "combined": 31.38747222222222, "rank_combined_city": 63, "length_mi": 0.4343159098531532, "crashes_per_mi": 71.37661618355503, "crashes_per_mvmt": 2.8038192430372098, "geom_source": "clipped"}}, {"type": "Feature", "geometry": {"type": "LineString", "coordinates": [[-97.42750335984098, 35.1984054808867], [-97.4264936735097, 35.1967921754973], [-97.42562741125062, 35.1954904989798], [-97.4252051251081, 35.1948559403792], [-97.42491475716561, 35.1946221720109], [-97.42463108299458, 35.1945010728839], [-97.4238459040742, 35.1943078262732]]}, "properties": {"loc_id": "52500-71", "on_road": "Classen Blvd", "from_road": "Lois St ", "to_road": "12th Ave.SE", "wards": [1, 7], "ward_primary": 1, "shared_boundary": true, "functional_class": "Minor Arterial", "class_source": "city", "lanes_final": 4, "lanes_source": "verified", "one_way": false, "divided": false, "vpd_max": 13770.0, "volume_year": 2026, "capacity_C": 22000.0, "capacity_E": 34200.0, "v_c_C": 0.6259090909090909, "v_c_E": 0.4026315789473684, "v_c": 0.4026315789473684, "capacity_los": "E", "collisions": 21, "collisions_by_year": {"2021": 5, "2022": 7, "2023": 2, "2024": 5, "2025": 2}, "combined": 21.402631578947368, "rank_combined_city": 83, "length_mi": 0.3636615103375918, "crashes_per_mi": 57.74600666566396, "crashes_per_mvmt": 2.297868372406322, "geom_source": "clipped"}}, {"type": "Feature", "geometry": {"type": "LineString", "coordinates": [[-97.44134455393652, 35.1912910516544], [-97.43963432960031, 35.1912949460236], [-97.4381249420237, 35.1912940675511], [-97.43798354215622, 35.1912939369242], [-97.4369611087211, 35.1912930380127], [-97.43562409163148, 35.1912905131345], [-97.4329684538025, 35.1912868810008], [-97.4322773548194, 35.1912855813542], [-97.4322045638229, 35.1912854174121], [-97.4311176483781, 35.1912929281081]]}, "properties": {"loc_id": "52500-72", "on_road": "E Constitution St", "from_road": "Jenkins", "to_road": "Ryan Ave", "wards": [7], "ward_primary": 7, "shared_boundary": false, "functional_class": "Minor Arterial", "class_source": "override", "lanes_final": 2, "lanes_source": "verified", "one_way": false, "divided": false, "vpd_max": 8077.0, "volume_year": 2018, "capacity_C": 10000.0, "capacity_E": 17100.0, "v_c_C": 0.8077, "v_c_E": 0.4723391812865497, "v_c": 0.4723391812865497, "capacity_los": "E", "collisions": 7, "collisions_by_year": {"2022": 2, "2023": 1, "2024": 3, "2025": 1}, "combined": 7.47233918128655, "rank_combined_city": 142, "length_mi": 0.5779137102828609, "crashes_per_mi": 12.112534925973357, "crashes_per_mvmt": 0.8217166570372056, "geom_source": "clipped"}}, {"type": "Feature", "geometry": {"type": "LineString", "coordinates": [[-97.4455951367413, 35.2235269646077], [-97.44846919003528, 35.2223099232751], [-97.4492170468053, 35.2219964675264], [-97.4498423784162, 35.2217305390384]]}, "properties": {"loc_id": "52500-74", "on_road": "Daws", "from_road": "University", "to_road": "James Garner Ave.", "wards": [4], "ward_primary": 4, "shared_boundary": false, "functional_class": "Collector", "class_source": "override", "lanes_final": 2, "lanes_source": "verified", "one_way": false, "divided": false, "vpd_max": 1059.0, "volume_year": 2019, "capacity_C": 10000.0, "capacity_E": 17100.0, "v_c_C": 0.1059, "v_c_E": 0.06192982456140351, "v_c": 0.06192982456140351, "capacity_los": "E", "collisions": 1, "collisions_by_year": {"2022": 1}, "combined": 1.0619298245614035, "rank_combined_city": 197, "length_mi": 0.269884985091865, "crashes_per_mi": 3.705282083994463, "crashes_per_mvmt": 1.9171780480393563, "geom_source": "clipped"}}, {"type": "Feature", "geometry": {"type": "LineString", "coordinates": [[-97.48811213747383, 35.2170596043192], [-97.48798995403449, 35.2170413325674], [-97.4876983804229, 35.2169570107843], [-97.4874753492364, 35.2168868829045], [-97.4870831126535, 35.2167044375265], [-97.4868021054768, 35.2165360187701], [-97.48660809545248, 35.2163746596567], [-97.4864216621697, 35.2162066347125], [-97.486261967287, 35.2160455904659], [-97.4861183491729, 35.2158567961109], [-97.4860008049109, 35.2156471609842], [-97.4859176193446, 35.2154304575064], [-97.4858768980829, 35.2152491334179], [-97.48581920622242, 35.2149702060147], [-97.48578310285778, 35.2147731209462], [-97.4857682089844, 35.2146918203234], [-97.4856970751667, 35.2142864578006], [-97.4854199347715, 35.2134973184361], [-97.4853092602963, 35.2132600662678], [-97.4849303050307, 35.2125604747488], [-97.4844165936558, 35.2118642677317], [-97.48395506764682, 35.2111215711602], [-97.4839459412536, 35.2111088271886], [-97.4834373475722, 35.210400101798], [-97.4830260442806, 35.2096584712144], [-97.48271571231919, 35.2090984189754], [-97.4824971863298, 35.2087130389777], [-97.482109482861, 35.2082151612112], [-97.48178899712849, 35.2078084017085], [-97.4815886153024, 35.2073331180793], [-97.4816586308765, 35.2069767693946], [-97.48192428776352, 35.2065151285301], [-97.4820111512655, 35.2064081746856]]}, "properties": {"loc_id": "52500-76", "on_road": "Ed Noble Pkwy", "from_road": "Lindsey", "to_road": "Main", "wards": [3], "ward_primary": 3, "shared_boundary": false, "functional_class": "Minor Arterial", "class_source": "city", "lanes_final": 5, "lanes_source": "verified", "one_way": false, "divided": false, "vpd_max": 5830.0, "volume_year": 2022, "capacity_C": 24000.0, "capacity_E": 36000.0, "v_c_C": 0.24291666666666667, "v_c_E": 0.16194444444444445, "v_c": 0.16194444444444445, "capacity_los": "E", "collisions": 6, "collisions_by_year": {"2021": 1, "2022": 2, "2023": 1, "2024": 2}, "combined": 6.161944444444444, "rank_combined_city": 153, "length_mi": 0.8570210035190412, "crashes_per_mi": 7.0009952794193016, "crashes_per_mvmt": 0.6580037387550742, "geom_source": "fallback_window"}}, {"type": "Feature", "geometry": {"type": "LineString", "coordinates": [[-97.44070187424026, 35.21965380111236], [-97.43933725797372, 35.220237473155], [-97.4379631756826, 35.2208181111498], [-97.43796309317332, 35.22081814661751]]}, "properties": {"loc_id": "52500-77", "on_road": "E Eufaula St", "from_road": "Front", "to_road": "Porter", "wards": [4], "ward_primary": 4, "shared_boundary": false, "functional_class": "Collector", "class_source": "acog", "lanes_final": 2, "lanes_source": "verified", "one_way": false, "divided": false, "vpd_max": 2855.0, "volume_year": 2020, "capacity_C": 10000.0, "capacity_E": 17100.0, "v_c_C": 0.2855, "v_c_E": 0.1669590643274854, "v_c": 0.1669590643274854, "capacity_los": "E", "collisions": 4, "collisions_by_year": {"2024": 3, "2025": 1}, "combined": 4.166959064327485, "rank_combined_city": 174, "length_mi": 0.174219346365124, "crashes_per_mi": 22.959562663132214, "crashes_per_mvmt": 4.406508679918856, "geom_source": "override"}}, {"type": "Feature", "geometry": {"type": "LineString", "coordinates": [[-97.4468881364095, 35.2170380008588], [-97.44552671298439, 35.217618781357]]}, "properties": {"loc_id": "52500-78", "on_road": "W Eufaula St", "from_road": "University ", "to_road": "Webster", "wards": [4], "ward_primary": 4, "shared_boundary": false, "functional_class": "Collector", "class_source": "acog", "lanes_final": 2, "lanes_source": "verified", "one_way": false, "divided": false, "vpd_max": 3922.0, "volume_year": 2026, "capacity_C": 10000.0, "capacity_E": 17100.0, "v_c_C": 0.3922, "v_c_E": 0.22935672514619884, "v_c": 0.22935672514619884, "capacity_los": "E", "collisions": 6, "collisions_by_year": {"2021": 1, "2022": 3, "2024": 2}, "combined": 6.229356725146199, "rank_combined_city": 148, "length_mi": 0.08666562626640734, "crashes_per_mi": 69.23160032971082, "crashes_per_mvmt": 9.672392521248009, "geom_source": "clipped"}}, {"type": "Feature", "geometry": {"type": "LineString", "coordinates": [[-97.4530614248948, 35.207541652859], [-97.4530629325253, 35.2084541327819], [-97.4530519645921, 35.2093547084239], [-97.45303672283929, 35.2111562365407]]}, "properties": {"loc_id": "52500-79", "on_road": "S Flood Ave", "from_road": "Boyd", "to_road": "Brooks", "wards": [4], "ward_primary": 4, "shared_boundary": false, "functional_class": "Minor Arterial", "class_source": "city", "lanes_final": 2, "lanes_source": "verified", "one_way": false, "divided": false, "vpd_max": 3505.0, "volume_year": 2018, "capacity_C": 10000.0, "capacity_E": 17100.0, "v_c_C": 0.3505, "v_c_E": 0.20497076023391814, "v_c": 0.20497076023391814, "capacity_los": "E", "collisions": 12, "collisions_by_year": {"2021": 3, "2022": 4, "2023": 2, "2024": 2, "2025": 1}, "combined": 12.204970760233918, "rank_combined_city": 117, "length_mi": 0.24835516024941562, "crashes_per_mi": 48.31790081570587, "crashes_per_mvmt": 7.553655375405915, "geom_source": "clipped"}}, {"type": "Feature", "geometry": {"type": "LineString", "coordinates": [[-97.37059030700752, 35.2037450985779], [-97.3706443093991, 35.2013731665046], [-97.37069677736228, 35.1989825092862], [-97.3706980292332, 35.1989275677317], [-97.37069844786122, 35.1988724506503], [-97.3706988664955, 35.1988173326665], [-97.3707001216705, 35.1987623893229], [-97.3707005402963, 35.1987072722383], [-97.37070179545489, 35.1986523306952], [-97.3707022140858, 35.1985972127072], [-97.3707024227473, 35.198569739791], [-97.3707028413706, 35.1985146227026], [-97.3707040943285, 35.1984596811446], [-97.37070451295699, 35.1984045631528], [-97.3707057681083, 35.1983496216038], [-97.37070618672828, 35.1982945045111], [-97.37070660404702, 35.1982395586726], [-97.37070785830582, 35.1981844449527], [-97.3707080669644, 35.1981569720325], [-97.37070848428108, 35.1981020261912], [-97.3707088637747, 35.1980520602665], [-97.3707092811041, 35.1979971126205], [-97.3707088640892, 35.1979419912447], [-97.3707092814044, 35.1978870453993], [-97.37070886089322, 35.1978320952653], [-97.3707084438863, 35.197776972985], [-97.37070886120088, 35.1977220271363], [-97.3707084419916, 35.197666905744], [-97.3707086506487, 35.1976394328188], [-97.3707082301392, 35.1975844826799], [-97.3707078142321, 35.1975293604005], [-97.37070739372379, 35.1974744102595], [-97.37070697540531, 35.1974194610301], [-97.3707073940266, 35.197364343018], [-97.37070697353299, 35.1973093910712], [-97.3707065552225, 35.1972544409373], [-97.3707067651799, 35.1972267967529], [-97.3707063446738, 35.1971718466061], [-97.37070676198668, 35.1971169007458], [-97.3707063427887, 35.1970617784404], [-97.3707059255779, 35.1970068283072], [-97.3707063428903, 35.1969518824436], [-97.3707059223859, 35.1968969322916], [-97.3707063409984, 35.1968418151707], [-97.3707057140348, 35.1968143379612], [-97.3707061313463, 35.1967593920939], [-97.370705710843, 35.1967044419381], [-97.3707052916478, 35.1966493196247], [-97.37070570896559, 35.1965943728529], [-97.370704453945, 35.1965394184232], [-97.37070403564, 35.1964844682743], [-97.370704452951, 35.1964295224007], [-97.3707038251026, 35.1964018730194], [-97.37070424241328, 35.1963469271442], [-97.3707038241026, 35.1962919778929], [-97.3707042414128, 35.1962370320156], [-97.3707038209133, 35.1961820818496], [-97.3707034004145, 35.1961271316826], [-97.3707038177378, 35.1960721839994], [-97.3707034007432, 35.1960170616849], [-97.3707036093978, 35.1959895887437], [-97.3707031899912, 35.19593463948], [-97.3707027716901, 35.1958796893194], [-97.3707031889989, 35.1958247434341], [-97.3707019328935, 35.1957697889839], [-97.37070235020231, 35.1957148430964], [-97.3707019297069, 35.1956598929204], [-97.37070150921191, 35.1956049427433], [-97.37070171787978, 35.1955774679954], [-97.3707012995815, 35.1955225178279], [-97.3707017168895, 35.1954675719357], [-97.37070129748679, 35.1954126226619], [-97.3707008791896, 35.1953576724912], [-97.3707012978046, 35.1953025544392], [-97.3707008773119, 35.1952476042552], [-97.37070129461871, 35.1951926583577], [-97.37070066766928, 35.1951651811322], [-97.3707002458839, 35.1951104012994], [-97.37069982539292, 35.1950554511117], [-97.370699406889, 35.1950006730964], [-97.3706998254962, 35.1949455559389], [-97.3706994050063, 35.1948906057479], [-97.370698986713, 35.1948356555672], [-97.370699404019, 35.1947807096618], [-97.3706996126719, 35.1947532367086], [-97.3706991921831, 35.194698286514], [-97.3706987717085, 35.1946433345156], [-97.3706983534169, 35.1945883843301], [-97.3706979329298, 35.1945334341323], [-97.3706975157372, 35.1944784839503], [-97.3706979330356, 35.1944235389392], [-97.37069751124889, 35.1943687599936], [-97.3706977199014, 35.1943412870365], [-97.3706973016051, 35.1942863377465], [-97.37069771890948, 35.1942313918304], [-97.3706972984383, 35.194176439823], [-97.37069687795389, 35.1941214896172], [-97.37069645835871, 35.1940667115783], [-97.3706960389735, 35.194011761376], [-97.3706956206869, 35.1939568111784], [-97.3706958293389, 35.1939293382173], [-97.3706954088568, 35.1938743880067], [-97.3706958261603, 35.1938194420827], [-97.370695406581, 35.1937646622353], [-97.37069582388399, 35.1937097163092], [-97.37069540340302, 35.1936547660944], [-97.3706941473357, 35.1935998116022], [-97.3706945633313, 35.1935450378296], [-97.3706939352985, 35.1935175605826], [-97.3706943513075, 35.1934627850057], [-97.3706939330247, 35.1934078347975], [-97.370693511239, 35.1933530567335], [-97.3706939285412, 35.1932981107995], [-97.3706935102596, 35.193243160588], [-97.3706939262538, 35.1931883868086], [-97.37069266799851, 35.1931334322961], [-97.37069287666311, 35.1931059575244], [-97.3706924583831, 35.1930510073092], [-97.3706920376982, 35.1929962292441], [-97.3706924549996, 35.1929412833032], [-97.3706920367207, 35.1928863330848], [-97.370691614939, 35.1928315550109], [-97.3706920322398, 35.1927766090668], [-97.3706907762017, 35.192721652755], [-97.3706909835447, 35.1926943519387], [-97.3706905630721, 35.1926394017044], [-97.37069098037271, 35.1925844557566], [-97.37069056188712, 35.1925296776937], [-97.3706901414156, 35.1924747274562], [-97.3706905574081, 35.192419953662], [-97.3706893013764, 35.1923649973433], [-97.3706888809066, 35.1923100471025], [-97.3706890882492, 35.1922827462824], [-97.37068866997592, 35.1922277960513], [-97.37068908727558, 35.1921728500956], [-97.3706886654994, 35.192118072008], [-97.3706890827986, 35.1920631260502], [-97.3706886643306, 35.1920083461746], [-97.3706874082927, 35.1919533916506], [-97.3706878242844, 35.1918986178464], [-97.3706871951684, 35.1918711405779], [-97.3706876124673, 35.1918161946153], [-97.370687190694, 35.1917614165208], [-97.3706867724382, 35.191706464477], [-97.3706871884292, 35.1916516906681], [-97.37068593349558, 35.1915967361428], [-97.3706863494865, 35.1915419623317], [-97.3706859290228, 35.1914870120752], [-97.3706861363643, 35.1914597112471], [-97.3706857180971, 35.1914047610002], [-97.3706852963407, 35.1913499810952], [-97.3706857136383, 35.1912950351226], [-97.3706845736775, 35.191224798285], [-97.3706764285177, 35.1894329284467]]}, "properties": {"loc_id": "52500-8", "on_road": "Se 48th Ave Se", "from_road": "Lindsey St.", "to_road": "SH-9", "wards": [5], "ward_primary": 5, "shared_boundary": false, "functional_class": "Principal Arterial", "class_source": "override", "lanes_final": 2, "lanes_source": "verified", "one_way": false, "divided": false, "vpd_max": 1748.0, "volume_year": 2020, "capacity_C": 10000.0, "capacity_E": 17100.0, "v_c_C": 0.1748, "v_c_E": 0.10222222222222223, "v_c": 0.10222222222222223, "capacity_los": "E", "collisions": 11, "collisions_by_year": {"2022": 1, "2023": 4, "2024": 5, "2025": 1}, "combined": 11.102222222222222, "rank_combined_city": 121, "length_mi": 0.9834301523821346, "crashes_per_mi": 11.185339368896729, "crashes_per_mvmt": 3.5062660634139147, "geom_source": "clipped"}}, {"type": "Feature", "geometry": {"type": "LineString", "coordinates": [[-97.453007304587, 35.2184002459072], [-97.4530233948221, 35.2192590431639]]}, "properties": {"loc_id": "52500-81", "on_road": "N Flood Ave", "from_road": "Gray", "to_road": "Main(Nrm)", "wards": [4], "ward_primary": 4, "shared_boundary": false, "functional_class": "Minor Arterial", "class_source": "override", "lanes_final": 5, "lanes_source": "verified", "one_way": false, "divided": false, "vpd_max": 9629.0, "volume_year": 2018, "capacity_C": 24000.0, "capacity_E": 36000.0, "v_c_C": 0.40120833333333333, "v_c_E": 0.2674722222222222, "v_c": 0.2674722222222222, "capacity_los": "E", "collisions": 8, "collisions_by_year": {"2021": 2, "2023": 2, "2024": 4}, "combined": 8.267472222222223, "rank_combined_city": 136, "length_mi": 0.05901281596034822, "crashes_per_mi": 135.56377322131763, "crashes_per_mvmt": 7.714354509640122, "geom_source": "clipped"}}, {"type": "Feature", "geometry": {"type": "LineString", "coordinates": [[-97.4530370542106, 35.2147820885361], [-97.4530326253563, 35.2158327680396], [-97.4530221199106, 35.2167903521496], [-97.453007304587, 35.2184002459072]]}, "properties": {"loc_id": "52500-82", "on_road": "S Flood Ave", "from_road": "Main(Nrm)", "to_road": "Symmes", "wards": [4], "ward_primary": 4, "shared_boundary": false, "functional_class": "Collector", "class_source": "override", "lanes_final": 2, "lanes_source": "verified", "one_way": false, "divided": false, "vpd_max": 8577.0, "volume_year": 2018, "capacity_C": 10000.0, "capacity_E": 17100.0, "v_c_C": 0.8577, "v_c_E": 0.501578947368421, "v_c": 0.501578947368421, "capacity_los": "E", "collisions": 12, "collisions_by_year": {"2021": 4, "2022": 2, "2023": 2, "2024": 1, "2025": 3}, "combined": 12.50157894736842, "rank_combined_city": 114, "length_mi": 0.2486008213491774, "crashes_per_mi": 48.27015427734711, "crashes_per_mvmt": 3.0837588438878174, "geom_source": "clipped"}}, {"type": "Feature", "geometry": {"type": "LineString", "coordinates": [[-97.4529689746343, 35.2255983507431], [-97.4529841203664, 35.2268537922652], [-97.4530911711588, 35.2283890140774], [-97.45312022935872, 35.2288055398379], [-97.4531857078008, 35.2296647237408], [-97.4532375299728, 35.230437134633], [-97.45329607233641, 35.2312061400543], [-97.4533772225121, 35.2319743884873], [-97.4534689398781, 35.2329176532939]]}, "properties": {"loc_id": "52500-84", "on_road": "N Flood Ave", "from_road": "Acres St", "to_road": "Robinson", "wards": [4], "ward_primary": 4, "shared_boundary": false, "functional_class": "Minor Arterial", "class_source": "override", "lanes_final": 2, "lanes_source": "verified", "one_way": false, "divided": false, "vpd_max": 15037.0, "volume_year": 2018, "capacity_C": 10000.0, "capacity_E": 17100.0, "v_c_C": 1.5037, "v_c_E": 0.8793567251461988, "v_c": 0.8793567251461988, "capacity_los": "E", "collisions": 52, "collisions_by_year": {"2021": 14, "2022": 7, "2023": 11, "2024": 14, "2025": 6}, "combined": 52.8793567251462, "rank_combined_city": 30, "length_mi": 0.5038213720049763, "crashes_per_mi": 103.21118334671675, "crashes_per_mvmt": 3.760994418214678, "geom_source": "clipped"}}, {"type": "Feature", "geometry": {"type": "LineString", "coordinates": [[-97.45313000020678, 35.27633211135857], [-97.45312952720039, 35.2763321119527], [-97.4522008016078, 35.2763341889756], [-97.4424413721913, 35.27635559247], [-97.4416171354605, 35.2763683400666], [-97.44142869356348, 35.2763671416723], [-97.4413080969197, 35.2763655650217], [-97.44130800531288, 35.27636556426615]]}, "properties": {"loc_id": "52500-87", "on_road": "W Franklin Rd", "from_road": "Pullin Ln", "to_road": "Broadway", "wards": [6], "ward_primary": 6, "shared_boundary": false, "functional_class": "Minor Arterial", "class_source": "acog", "lanes_final": 2, "lanes_source": "verified", "one_way": false, "divided": false, "vpd_max": 4472.0, "volume_year": 2024, "capacity_C": 10000.0, "capacity_E": 17100.0, "v_c_C": 0.4472, "v_c_E": 0.2615204678362573, "v_c": 0.2615204678362573, "capacity_los": "E", "collisions": 5, "collisions_by_year": {"2021": 1, "2022": 2, "2023": 1, "2025": 1}, "combined": 5.261520467836258, "rank_combined_city": 159, "length_mi": 0.668058808028383, "crashes_per_mi": 7.484371046250124, "crashes_per_mvmt": 0.9170449979476712, "geom_source": "override"}}, {"type": "Feature", "geometry": {"type": "LineString", "coordinates": [[-97.3707855664162, 35.2762095121649], [-97.3530927900655, 35.2762445188248]]}, "properties": {"loc_id": "52500-88", "on_road": "E Franklin Rd E", "from_road": "48 th E", "to_road": "60 th E", "wards": [5], "ward_primary": 5, "shared_boundary": false, "functional_class": "Collector", "class_source": "override", "lanes_final": 2, "lanes_source": "verified", "one_way": false, "divided": false, "vpd_max": 2171.0, "volume_year": 2025, "capacity_C": 10000.0, "capacity_E": 17100.0, "v_c_C": 0.2171, "v_c_E": 0.12695906432748538, "v_c": 0.12695906432748538, "capacity_los": "E", "collisions": 8, "collisions_by_year": {"2021": 4, "2022": 1, "2024": 2, "2025": 1}, "combined": 8.126959064327485, "rank_combined_city": 139, "length_mi": 0.999801193260432, "crashes_per_mi": 8.001590770172376, "crashes_per_mvmt": 2.0195455083945593, "geom_source": "clipped"}}, {"type": "Feature", "geometry": {"type": "LineString", "coordinates": [[-97.4942976018088, 35.2763395127376], [-97.4987206383247, 35.2763498783321], [-97.5063153013567, 35.2763674310705], [-97.51201906687952, 35.2763803080889]]}, "properties": {"loc_id": "52500-89", "on_road": "W Franklin Rd", "from_road": "48th Ave.NW", "to_road": "36th Ave.NW", "wards": [3, 8], "ward_primary": 8, "shared_boundary": true, "functional_class": "Collector", "class_source": "acog", "lanes_final": 2, "lanes_source": "verified", "one_way": false, "divided": false, "vpd_max": 1382.0, "volume_year": 2025, "capacity_C": 10000.0, "capacity_E": 17100.0, "v_c_C": 0.1382, "v_c_E": 0.0808187134502924, "v_c": 0.0808187134502924, "capacity_los": "E", "collisions": 4, "collisions_by_year": {"2021": 1, "2022": 1, "2023": 1, "2025": 1}, "combined": 4.0808187134502925, "rank_combined_city": 177, "length_mi": 1.0014233899744458, "crashes_per_mi": 3.994314532739316, "crashes_per_mvmt": 1.583694281759339, "geom_source": "clipped"}}, {"type": "Feature", "geometry": {"type": "LineString", "coordinates": [[-97.37052242235619, 35.2327251950058], [-97.3705364597412, 35.2325303769794], [-97.37048047406209, 35.2294334576933], [-97.3704782143084, 35.2292902404615], [-97.37042053496438, 35.2246547777154], [-97.37042072927701, 35.2224266538726], [-97.37050204897432, 35.2182244320568]]}, "properties": {"loc_id": "52500-9", "on_road": "NE 48th Ave NE", "from_road": "Robinson", "to_road": "Alameda", "wards": [5], "ward_primary": 5, "shared_boundary": false, "functional_class": "Principal Arterial", "class_source": "city", "lanes_final": 2, "lanes_source": "verified", "one_way": false, "divided": false, "vpd_max": 1364.0, "volume_year": 2020, "capacity_C": 10000.0, "capacity_E": 17100.0, "v_c_C": 0.1364, "v_c_E": 0.07976608187134503, "v_c": 0.07976608187134503, "capacity_los": "E", "collisions": 11, "collisions_by_year": {"2023": 5, "2024": 6}, "combined": 11.079766081871345, "rank_combined_city": 122, "length_mi": 0.9964122187859102, "crashes_per_mi": 11.0396076971066, "crashes_per_mvmt": 4.434824126102358, "geom_source": "clipped"}}, {"type": "Feature", "geometry": {"type": "LineString", "coordinates": [[-97.3530927900655, 35.2762445188248], [-97.3467684257278, 35.2762421979332], [-97.34448708669491, 35.2762362216334], [-97.3401656380648, 35.276222671096], [-97.33862568986959, 35.2762311004364], [-97.3357465048615, 35.2762418296746]]}, "properties": {"loc_id": "52500-90", "on_road": "E Franklin Rd E", "from_road": "60th Ave.NE", "to_road": "72nd Ave.NE", "wards": [5], "ward_primary": 5, "shared_boundary": false, "functional_class": "Minor Arterial", "class_source": "acog", "lanes_final": 2, "lanes_source": "verified", "one_way": false, "divided": false, "vpd_max": 2450.0, "volume_year": 2024, "capacity_C": 10000.0, "capacity_E": 17100.0, "v_c_C": 0.245, "v_c_E": 0.14327485380116958, "v_c": 0.14327485380116958, "capacity_los": "E", "collisions": 5, "collisions_by_year": {"2023": 1, "2024": 2, "2025": 2}, "combined": 5.143274853801169, "rank_combined_city": 166, "length_mi": 0.9802245483233882, "crashes_per_mi": 5.100872048707801, "crashes_per_mvmt": 1.1408156664708529, "geom_source": "clipped"}}, {"type": "Feature", "geometry": {"type": "LineString", "coordinates": [[-97.4413080969197, 35.2763655650217], [-97.4324724193028, 35.2762926910122], [-97.4302461681758, 35.2762983747367], [-97.42927123988008, 35.2763008968346], [-97.4237501822655, 35.276288395719]]}, "properties": {"loc_id": "52500-91", "on_road": "E Franklin Rd E", "from_road": "Porter Ave.", "to_road": "12th Ave.NE", "wards": [6], "ward_primary": 6, "shared_boundary": false, "functional_class": "Minor Arterial", "class_source": "city", "lanes_final": 2, "lanes_source": "verified", "one_way": false, "divided": false, "vpd_max": 5466.0, "volume_year": 2024, "capacity_C": 10000.0, "capacity_E": 17100.0, "v_c_C": 0.5466, "v_c_E": 0.3196491228070175, "v_c": 0.3196491228070175, "capacity_los": "E", "collisions": 4, "collisions_by_year": {"2022": 2, "2023": 2}, "combined": 4.319649122807018, "rank_combined_city": 170, "length_mi": 0.9922045876087796, "crashes_per_mi": 4.031426633130199, "crashes_per_mvmt": 0.4041348142820825, "geom_source": "clipped"}}, {"type": "Feature", "geometry": {"type": "LineString", "coordinates": [[-97.4412549743727, 35.261901357799], [-97.4412524743189, 35.2619013473499], [-97.43404703015732, 35.2618709655454], [-97.4289708934001, 35.2618493092634], [-97.4236816825523, 35.2618268434761]]}, "properties": {"loc_id": "52500-92", "on_road": "TECUMSEH RD", "from_road": "Porter Ave.", "to_road": "12th Ave.NE", "wards": [6], "ward_primary": 6, "shared_boundary": false, "functional_class": "Principal Arterial", "class_source": "override", "lanes_final": 4, "lanes_source": "verified", "one_way": false, "divided": false, "vpd_max": 10599.0, "volume_year": 2024, "capacity_C": 22000.0, "capacity_E": 34200.0, "v_c_C": 0.4817727272727273, "v_c_E": 0.30991228070175436, "v_c": 0.30991228070175436, "capacity_los": "E", "collisions": 20, "collisions_by_year": {"2021": 3, "2022": 5, "2023": 5, "2024": 7}, "combined": 20.309912280701756, "rank_combined_city": 87, "length_mi": 0.9930595653512199, "crashes_per_mi": 20.1397788187323, "crashes_per_mvmt": 1.0411826816813836, "geom_source": "clipped"}}, {"type": "Feature", "geometry": {"type": "LineString", "coordinates": [[-97.4426603683273, 35.2188273761173], [-97.442227931906, 35.2181646731545], [-97.4420556463204, 35.2178972249209]]}, "properties": {"loc_id": "52500-95", "on_road": "James Garner Ave.", "from_road": "Eufaula St.", "to_road": "Symmes St.", "wards": [4], "ward_primary": 4, "shared_boundary": false, "functional_class": "Collector", "class_source": "acog", "lanes_final": 2, "lanes_source": "verified", "one_way": false, "divided": false, "vpd_max": 3795.0, "volume_year": 2024, "capacity_C": 10000.0, "capacity_E": 17100.0, "v_c_C": 0.3795, "v_c_E": 0.2219298245614035, "v_c": 0.2219298245614035, "capacity_los": "E", "collisions": 0, "collisions_by_year": {}, "combined": 0.2219298245614035, "rank_combined_city": 201, "length_mi": 0.07247099138865346, "crashes_per_mi": 0.0, "crashes_per_mvmt": 0.0, "geom_source": "clipped"}}, {"type": "Feature", "geometry": {"type": "LineString", "coordinates": [[-97.4432501159767, 35.2197462954677], [-97.4429552381537, 35.2192873508537], [-97.4426603683273, 35.2188273761173]]}, "properties": {"loc_id": "52500-96", "on_road": "James Garner Ave.", "from_road": "Comanche St", "to_road": "Eufaula St.", "wards": [4], "ward_primary": 4, "shared_boundary": false, "functional_class": "Collector", "class_source": "acog", "lanes_final": 2, "lanes_source": "verified", "one_way": false, "divided": false, "vpd_max": 3508.0, "volume_year": 2024, "capacity_C": 10000.0, "capacity_E": 17100.0, "v_c_C": 0.3508, "v_c_E": 0.20514619883040935, "v_c": 0.20514619883040935, "capacity_los": "E", "collisions": 2, "collisions_by_year": {"2023": 1, "2024": 1}, "combined": 2.2051461988304095, "rank_combined_city": 190, "length_mi": 0.07139227569742695, "crashes_per_mi": 28.014235160066228, "crashes_per_mvmt": 4.375788438179072, "geom_source": "clipped"}}, {"type": "Feature", "geometry": {"type": "LineString", "coordinates": [[-97.4397493265056, 35.2236622315138], [-97.44112355101451, 35.2230661216325]]}, "properties": {"loc_id": "52500-99", "on_road": "E Gray St", "from_road": "Crawford Ave", "to_road": "Porter", "wards": [4], "ward_primary": 4, "shared_boundary": false, "functional_class": "Minor Arterial", "class_source": "acog", "lanes_final": 2, "lanes_source": "verified", "one_way": true, "divided": false, "vpd_max": 5815.0, "volume_year": 2023, "capacity_C": 12000.0, "capacity_E": 22000.0, "v_c_C": 0.4845833333333333, "v_c_E": 0.26431818181818184, "v_c": 0.26431818181818184, "capacity_los": "E", "collisions": 31, "collisions_by_year": {"2021": 6, "2022": 7, "2023": 6, "2024": 6, "2025": 6}, "combined": 31.264318181818183, "rank_combined_city": 64, "length_mi": 0.08779477505446436, "crashes_per_mi": 353.0961834661441, "crashes_per_mvmt": 33.272117077105186, "geom_source": "clipped"}}]}