{"type":"FeatureCollection","crs":{"type":"name","properties":{"name":"EPSG:4326"}},"features":[{"type":"Feature","id":409,"geometry":{"type":"Polygon","coordinates":[[[-97.4116882699059,35.2183529870571],[-97.4111192701348,35.2183519876663],[-97.4102292699516,35.2183509873682],[-97.4099232695085,35.2183479874486],[-97.4095832704416,35.2183499875201],[-97.4081852700316,35.218349987902],[-97.4078552694523,35.2183499879001],[-97.4060212697622,35.2183469878376],[-97.4039542699777,35.2183359874765],[-97.4036942697417,35.2183349877831],[-97.4032942697605,35.2183289872904],[-97.4031592701993,35.2183269874653],[-97.4021522694184,35.2183119873301],[-97.4009052699916,35.2183289878505],[-97.3991362696695,35.2183019873056],[-97.3990592701685,35.2182999877729],[-97.3989822700087,35.2182989878076],[-97.3982822700146,35.2182879876298],[-97.396687270499,35.218286987203],[-97.3964182695687,35.2182869879916],[-97.3952892697077,35.2182859874106],[-97.3933712697292,35.2182709879064],[-97.3924052703198,35.2182629876216],[-97.3900662696239,35.2182609875297],[-97.3881522702976,35.21825498795],[-97.3881412697749,35.2180069879182],[-97.3881472700744,35.2163929876782],[-97.3881472699291,35.2137759880242],[-97.3881472695371,35.213592987946],[-97.3881482698406,35.2129779878645],[-97.3881592695577,35.2106029879968],[-97.3881772702865,35.2095719872867],[-97.3881822698227,35.2092969879301],[-97.3881852697534,35.2091319875831],[-97.3882072693793,35.2077919874534],[-97.3882122703401,35.2074969873503],[-97.3882212699813,35.2070499877214],[-97.3882392698558,35.2060719874014],[-97.3882652695204,35.204633987542],[-97.3882812704201,35.2037669879613],[-97.390523269388,35.2037739876477],[-97.3908212695936,35.2037749873224],[-97.3916542695183,35.2037789872689],[-97.3921132695607,35.2037799878194],[-97.3932532697873,35.2037799875516],[-97.3933342695585,35.2037789873198],[-97.3940092695563,35.2037789874042],[-97.3942362693448,35.2037789880466],[-97.3960822699719,35.2037759877542],[-97.3970712699153,35.2037779876181],[-97.3982802697394,35.2037799880198],[-97.3995102697404,35.2037809875138],[-97.4002172693446,35.2037779874091],[-97.4005592703218,35.2037759872097],[-97.4006842699321,35.2037749874793],[-97.4011592701285,35.2037729873978],[-97.4016372700673,35.203769987834],[-97.4020712693735,35.2037679875411],[-97.4035702701199,35.2038009872668],[-97.4057252694768,35.2038479875749],[-97.4059842693973,35.2038479877583],[-97.405967269298,35.2036799878036],[-97.4059712695041,35.2023629877835],[-97.4059622699227,35.2013139877815],[-97.40595727015,35.200810987515],[-97.4059512701092,35.2001509871391],[-97.4059592695335,35.1990989875307],[-97.4059622698235,35.1987299879424],[-97.405964269862,35.1984079875069],[-97.4059682695581,35.1979989878004],[-97.405964269739,35.1972379873441],[-97.4059612700359,35.1966419875204],[-97.4059602702396,35.1963139872185],[-97.4059562695,35.1956379879095],[-97.4059552699446,35.1953549878157],[-97.4059212701407,35.1939139872058],[-97.4059002696668,35.1930249872639],[-97.405883269593,35.1922419876362],[-97.405862269383,35.1911539872722],[-97.4058462695253,35.1897009875998],[-97.405836269384,35.1888309873613],[-97.4058372700099,35.1886059873542],[-97.4059052698921,35.1885899874561],[-97.4070842700757,35.1883059879448],[-97.4077982697649,35.1881099880451],[-97.408332269612,35.1879769878629],[-97.409904269319,35.1875089875351],[-97.4107682699884,35.1871989879452],[-97.4124492700561,35.1865529872439],[-97.4128652696097,35.1863969879547],[-97.4132032698769,35.1862479874072],[-97.4135632697019,35.1860809875626],[-97.4142392700595,35.1857929878995],[-97.4145722694306,35.1856629878698],[-97.4149072693397,35.1855189872221],[-97.415359270033,35.1853379878973],[-97.4157092694427,35.1851869877674],[-97.4170212691236,35.1846569878435],[-97.4177452691256,35.1843589874355],[-97.4180112692268,35.1842569875232],[-97.4182342691552,35.1841709876752],[-97.4182792701537,35.1841499875359],[-97.418697269062,35.1848239878753],[-97.4187682700414,35.1849379874572],[-97.4188812693994,35.1851039877593],[-97.4192002697325,35.1855739877179],[-97.4194932700333,35.1860039879055],[-97.4196872693087,35.1862679873076],[-97.4201342697924,35.1868619873911],[-97.4205192692739,35.1873979872658],[-97.4209302696111,35.1880349877995],[-97.4214882698326,35.1888989874385],[-97.4218132692094,35.1894509874736],[-97.421903269641,35.1895699877709],[-97.4221592691296,35.1899169874483],[-97.4228632692043,35.1910429871188],[-97.4231922695669,35.1915689871543],[-97.4234142698467,35.1919289872326],[-97.4235112692161,35.1920909876712],[-97.4236952693021,35.1924029873685],[-97.4238452699398,35.1926699875733],[-97.42396426938,35.192616987112],[-97.4242012696738,35.1929949878579],[-97.4246412699777,35.193812987608],[-97.4247392701326,35.1939959873834],[-97.42476626996,35.194033987709],[-97.4250712699376,35.1945279872131],[-97.4249862700279,35.1946559871429],[-97.4250222700008,35.1946749879249],[-97.425310269495,35.1949339870882],[-97.4254932697229,35.1951519872089],[-97.4255812700244,35.1952579872574],[-97.4256302699821,35.1953359877262],[-97.4257482691294,35.1955249876078],[-97.4258542699962,35.1956949871337],[-97.4259582697485,35.1958609877271],[-97.4263672695604,35.1965209877],[-97.4275292692375,35.1983969870698],[-97.4277462698367,35.1987559878404],[-97.4283242700547,35.1997099874089],[-97.429290269367,35.2012089871031],[-97.4293622699755,35.2013219874986],[-97.4296642692882,35.2017889874725],[-97.4303112693364,35.2027879874316],[-97.4303362701244,35.20282698757],[-97.4306042694883,35.2031439877333],[-97.4313552696825,35.20383298714],[-97.4297742695433,35.2038359873391],[-97.4296812696403,35.2038359878455],[-97.4285342694917,35.203837987847],[-97.4280462692186,35.2038389876075],[-97.427540269646,35.2038399872783],[-97.4273112692262,35.2038399874147],[-97.4266752696101,35.2038309875769],[-97.4262512699266,35.203836987336],[-97.4249492694783,35.2038319877602],[-97.4236412693426,35.2038219878287],[-97.4236532694147,35.2044969875357],[-97.4236502700102,35.2046649875467],[-97.4236462694227,35.2050739873483],[-97.4236412697062,35.2055389873793],[-97.423630269461,35.2061199874501],[-97.4236422698001,35.2070219872192],[-97.423643269273,35.2074609870327],[-97.4236442694306,35.2076859876264],[-97.4236502702649,35.2092129876714],[-97.4236362696391,35.2099359875331],[-97.423639269743,35.2111259877046],[-97.4236412697895,35.2115649870589],[-97.4236342693276,35.2129149878427],[-97.423632269433,35.2132909876555],[-97.4236312698007,35.2133959871547],[-97.4236262696673,35.2141859872621],[-97.4236202703604,35.2151599870986],[-97.4236192693862,35.2155819872589],[-97.4236172703077,35.2162389876019],[-97.4236172693484,35.2163639876386],[-97.4236172698415,35.2164969873251],[-97.423617270102,35.2167559875472],[-97.4236172701904,35.2173139870509],[-97.4236192703237,35.2177139877282],[-97.423620269618,35.2178399874967],[-97.4236232694385,35.2183739874882],[-97.4224622696561,35.2183729872212],[-97.4223542704021,35.2183729875503],[-97.4214242700434,35.2183709871438],[-97.4207652702361,35.2183699875765],[-97.4202992703816,35.218367987831],[-97.4197742704025,35.2183649878254],[-97.4197012699079,35.2183649877686],[-97.4196052697638,35.2183639876917],[-97.419287269566,35.2183629870328],[-97.4186082695649,35.2183589871887],[-97.4181772696304,35.2183569870924],[-97.4176642695298,35.2183539870687],[-97.4165042696053,35.218356987851],[-97.4159562700123,35.2183579871042],[-97.4150742702317,35.2183599874962],[-97.4138462699897,35.2183569873409],[-97.4133512702774,35.2183559876409],[-97.4121202703601,35.2183529874947],[-97.4117442697005,35.2183529871814],[-97.4116882699059,35.2183529870571]]]},"properties":{"OBJECTID":409,"DIST_NAME":"Ward 1","Ward_num":1,"WARDNO":1,"GlobalID":"50592390-94ad-4190-a581-51144089894a","Shape__Area":92928206.696044922,"Shape__Length":46619.995036258508}},{"type":"Feature","id":410,"geometry":{"type":"Polygon","coordinates":[[[-97.4590192698343,35.227914987607],[-97.4590272698652,35.2273549876117],[-97.4590232698911,35.2270349868258],[-97.4590102699646,35.2263989868421],[-97.4590062700818,35.2261899871188],[-97.4589952694151,35.2256059873181],[-97.458987269846,35.2252069875935],[-97.4589862702811,35.2250959873922],[-97.4589842696836,35.2246069874955],[-97.4589832698485,35.2243049872164],[-97.4589822696225,35.2241079868739],[-97.4589812693622,35.2236309874667],[-97.4589802702025,35.2233959873401],[-97.4589792702404,35.2231099870585],[-97.4589772702001,35.2226289873308],[-97.4589772698017,35.2225289871745],[-97.4589752696325,35.2221199875057],[-97.4589742693196,35.2216409876266],[-97.4589712692787,35.2207779871757],[-97.4589682696091,35.2199389871313],[-97.4589662693952,35.2194339870782],[-97.4589682692991,35.2184209872023],[-97.4589692702028,35.2179589871519],[-97.4589702698189,35.2174939872707],[-97.458970269311,35.2170559869652],[-97.458971270222,35.216631987424],[-97.4589722701815,35.2161359875014],[-97.4589702693453,35.2158619873828],[-97.4589682698415,35.2152369875378],[-97.4589632699233,35.214988987608],[-97.4589662697376,35.2147879868054],[-97.4589752702005,35.2143159873158],[-97.4589842697027,35.2138479871117],[-97.4589922693573,35.2134309872478],[-97.4590012693513,35.2129559868717],[-97.4590012697101,35.2125169871439],[-97.4590002693857,35.2120199870902],[-97.4589992692824,35.2111369874844],[-97.4589992692812,35.2108029870406],[-97.4589902691707,35.2102499872875],[-97.45897426974,35.2093389868036],[-97.458959269427,35.2084359873682],[-97.458959269235,35.2075349870679],[-97.4589582691276,35.2066249873062],[-97.4589692696766,35.2052009874506],[-97.4589752692034,35.2041579870782],[-97.4589772695816,35.2039069874559],[-97.4589732697973,35.2031019876073],[-97.4589692690723,35.2023729875781],[-97.4589692696436,35.2023079869658],[-97.4589672694314,35.2020949876367],[-97.4589812692693,35.2015259870496],[-97.4589992693456,35.2008809876295],[-97.4590042697819,35.2006869874677],[-97.4590202692321,35.1997739875077],[-97.4590542695741,35.1980139877332],[-97.459075269841,35.1971019868989],[-97.4590962699854,35.1962139875462],[-97.4590982695255,35.1953949874337],[-97.4590982690318,35.1945689872301],[-97.45909826949,35.1938859871301],[-97.4591212691554,35.1917129875053],[-97.4591512699995,35.1894399877529],[-97.4602782695327,35.1894279876814],[-97.4603902691807,35.1894269874734],[-97.462879269013,35.1893999870816],[-97.464248269708,35.1893919874759],[-97.4645162698452,35.1893909871032],[-97.464331269016,35.1892129870768],[-97.4642042694647,35.1890919874206],[-97.462747269308,35.1877489876136],[-97.46251626917,35.1875309870596],[-97.4619552690188,35.1869999871081],[-97.4612662694169,35.1863359871315],[-97.4602092689977,35.1853329871507],[-97.4596542689906,35.1848509869468],[-97.4595912692438,35.184795987451],[-97.458987269112,35.1843649876981],[-97.4583512697736,35.183976987452],[-97.4579202693777,35.183730987693],[-97.4574622697821,35.1834939873939],[-97.4568042690735,35.1832109870411],[-97.4567142689446,35.1831779874467],[-97.4559012692276,35.1828759875067],[-97.4550932700073,35.1825939869461],[-97.4545332694797,35.1824599872576],[-97.454011269027,35.1823559875785],[-97.4534932694126,35.1822669870686],[-97.4530242698651,35.1821939873106],[-97.4526742691457,35.1821709877161],[-97.4523242689579,35.1821319876605],[-97.451430268973,35.1821259874444],[-97.4504442691556,35.1821069871931],[-97.4501982699359,35.1820839874728],[-97.4502072690897,35.1819029876433],[-97.4501172696319,35.1818939878021],[-97.4501422695613,35.1815989873588],[-97.4501622694059,35.1813529878045],[-97.4501872695251,35.1806739872813],[-97.4501972700067,35.1803719871195],[-97.450219269926,35.179274987138],[-97.4502432692387,35.1782079872857],[-97.4502382695574,35.1766029876238],[-97.4502572696924,35.1750809871648],[-97.4500582694792,35.1749719873218],[-97.4500572693227,35.1737089877455],[-97.4500542693408,35.1734779872946],[-97.4500352691018,35.1721269875837],[-97.4500112688474,35.1716769870977],[-97.450070269787,35.1702109874309],[-97.4500682693551,35.170104987652],[-97.451696269389,35.1703829872808],[-97.4535702697934,35.1706199870089],[-97.4535652693977,35.1713439870803],[-97.455436268952,35.1739349873097],[-97.4561182699318,35.1744239876725],[-97.4581912689048,35.1759099871717],[-97.4592572690945,35.1762509872668],[-97.4605992697877,35.1766769869837],[-97.4607182691552,35.1767129873465],[-97.4608382696819,35.1767469873156],[-97.4614742699088,35.176836987002],[-97.4618062699248,35.1768809877757],[-97.462035269851,35.1769129876033],[-97.4639712693556,35.1771749876361],[-97.4664902689922,35.1769799869758],[-97.466991269722,35.1772919875867],[-97.469243269155,35.179367987223],[-97.4698632693036,35.1807139870775],[-97.4735452691032,35.183305987642],[-97.4739982693873,35.1836249876447],[-97.4767132690538,35.1864569875317],[-97.4775122689267,35.1872869875213],[-97.4776102692499,35.1873929874522],[-97.477810269116,35.1875999869938],[-97.4781582690644,35.1879629871851],[-97.4783742692517,35.1881889870496],[-97.478670269489,35.1885449876449],[-97.4788012694705,35.1887029870936],[-97.4788682698407,35.1887849870378],[-97.4803032690879,35.1905109872047],[-97.480872269212,35.1911969876446],[-97.4809322694886,35.1912419869608],[-97.4811592696166,35.1914119869093],[-97.4835032692623,35.1931699874577],[-97.4845992695096,35.1935989870098],[-97.4848752697341,35.1936979876053],[-97.4848192695874,35.1937669874711],[-97.483888269324,35.1948929869342],[-97.4832722697344,35.1956609871243],[-97.4827642690377,35.196293987344],[-97.4825202697308,35.196585987047],[-97.4824222691907,35.1967349869872],[-97.4818202699425,35.1975669871934],[-97.481512269659,35.1979959868357],[-97.4814672697942,35.198073987507],[-97.4806152699049,35.1995329875215],[-97.4804502700423,35.1999339867296],[-97.4803522693954,35.2001519875586],[-97.4801922694051,35.2005889875066],[-97.4801212700288,35.2008189868152],[-97.4799212698432,35.2016229870704],[-97.4798672700517,35.2018409868882],[-97.4798192699508,35.2021709875313],[-97.4797702696436,35.2025489872819],[-97.4797462699412,35.2029059871399],[-97.4797502694632,35.2036009867759],[-97.4797702690085,35.2038969867222],[-97.4798402699794,35.2046619871562],[-97.4799542693835,35.2052749870357],[-97.4800552700944,35.2056959868665],[-97.4801422693419,35.2059519875627],[-97.4802212697397,35.206207986815],[-97.4803322690313,35.2065529872086],[-97.4804692699223,35.20687798685],[-97.4805532695251,35.2070629871399],[-97.4806142691367,35.2071959866921],[-97.4808082699425,35.207590987128],[-97.4810512697255,35.2080139867645],[-97.4820072700178,35.2095169874029],[-97.4825962693983,35.2104429868202],[-97.4836902691588,35.2121499874135],[-97.4843112698619,35.2131779871284],[-97.4844102693765,35.2133949871339],[-97.4845322695551,35.2136219867553],[-97.484794269514,35.2142819871979],[-97.4849782691774,35.2148389874792],[-97.4851282699002,35.2154129872319],[-97.4851362691768,35.2154659867999],[-97.4852582695754,35.2161969870576],[-97.485309269654,35.2169329872426],[-97.4853282700081,35.2179289873925],[-97.4853342691652,35.2183159866742],[-97.4853352692693,35.2184689867989],[-97.4853382700911,35.2189059875062],[-97.4854012691268,35.2202579874549],[-97.4854072698449,35.2212899874872],[-97.485382269921,35.222967986638],[-97.4854082701111,35.2263799869283],[-97.4853992696781,35.229136987419],[-97.4853972701743,35.2314009871212],[-97.485397269253,35.2329479872453],[-97.4853242693434,35.2329479874321],[-97.4826662701286,35.2329499870895],[-97.4825912697135,35.2329499871572],[-97.4814462698271,35.2329509872572],[-97.4804792701108,35.2329559869249],[-97.4803772693638,35.2329569866036],[-97.4803102698146,35.2329569866249],[-97.4797212694621,35.2329599873071],[-97.4794702697195,35.2329609869709],[-97.4792212693594,35.2329619873754],[-97.478974269789,35.2329639872465],[-97.4785082700596,35.2329649872856],[-97.4775772702331,35.2329669872149],[-97.4762012701725,35.2329719869394],[-97.4740822698649,35.2329779867974],[-97.4710152699941,35.2329789870355],[-97.4692372699378,35.2329709874837],[-97.4684302696286,35.2329679872448],[-97.4679372699339,35.232968987415],[-97.4664242698082,35.232970986738],[-97.4657432700053,35.2329679870931],[-97.4611242701415,35.2329439873241],[-97.4604562699465,35.2329409874098],[-97.4589932703597,35.232950987112],[-97.4589972693206,35.2320249869162],[-97.4589952695846,35.2319259869315],[-97.4589842698769,35.2314069873865],[-97.4589792698108,35.2311549868562],[-97.4589762703201,35.2309979869831],[-97.4590192698343,35.227914987607]]]},"properties":{"OBJECTID":410,"DIST_NAME":"Ward 2","Ward_num":2,"WARDNO":2,"GlobalID":"ee80069c-ee41-44a1-a2b3-51289485d87c","Shape__Area":142047074.09655762,"Shape__Length":64420.866724387364}},{"type":"Feature","id":411,"geometry":{"type":"Polygon","coordinates":[[[-97.4848075155203,35.193781203357],[-97.4851628647409,35.1939947730475],[-97.4852174117383,35.1965260757548],[-97.4981285996574,35.1966685311887],[-97.4995222688661,35.196707987431],[-97.5033236912945,35.1968147605207],[-97.5033681671931,35.2039034348338],[-97.5034942225408,35.203823466878],[-97.5034942690629,35.2038519872868],[-97.503931269296,35.2038529873418],[-97.5100202698751,35.2038769869184],[-97.5106752696105,35.2038849868187],[-97.5113342694382,35.2038919868873],[-97.5126312692049,35.2038909872743],[-97.5135412693438,35.2038989870941],[-97.513957269918,35.2039009870523],[-97.514608269795,35.2039049868769],[-97.5163092698954,35.2039039865975],[-97.5166820185636,35.2039097579165],[-97.5171794160064,35.203910895963],[-97.5172469807692,35.2039110503349],[-97.5274014463202,35.2039338391048],[-97.5302452691412,35.2128139867956],[-97.5304862693359,35.2129929870136],[-97.5309072694375,35.213306986676],[-97.5317442689166,35.2138379864705],[-97.5320162690611,35.2141259864661],[-97.5331062688939,35.215284986747],[-97.533890269728,35.216119986888],[-97.5346422689883,35.2169139865164],[-97.5353762696502,35.2176969869546],[-97.5361512696975,35.2183809865187],[-97.5370642698077,35.219339987037],[-97.5374542692424,35.2196979864109],[-97.53822526955,35.2202229866623],[-97.53943826903,35.2209369867035],[-97.5410812690334,35.2218959868668],[-97.5424502693365,35.2226719870113],[-97.5437282697484,35.2233099863399],[-97.5457362696525,35.2244519862776],[-97.5472392692698,35.2254419870695],[-97.5474112691895,35.2255549862899],[-97.547369269696,35.2306629864186],[-97.5473682691266,35.2307099867871],[-97.5473502697458,35.2307949862799],[-97.5473592692668,35.231085986946],[-97.5473952693114,35.2321789866178],[-97.5473782699584,35.2327229865021],[-97.5473532698232,35.2327579870907],[-97.5473502697785,35.2328429867255],[-97.547346270008,35.2334899864835],[-97.5473212696122,35.2364519869106],[-97.547291269597,35.2401129868918],[-97.5473112694704,35.240556987062],[-97.5473102696776,35.2407609862415],[-97.547306269721,35.2409769867289],[-97.5472892695068,35.2419089866502],[-97.5473022693079,35.2431049862211],[-97.5472992696256,35.243301986947],[-97.5472932691245,35.2437369864549],[-97.5472682694053,35.2454989866734],[-97.5472402697304,35.2473729867727],[-97.5472362698602,35.2476539869115],[-97.547235269551,35.2497959866317],[-97.5472352695601,35.2500079864979],[-97.5472142700194,35.2509709868387],[-97.547235269204,35.2524499866675],[-97.547238269693,35.2526459866611],[-97.5472322694456,35.2532569870226],[-97.5472142699701,35.254389986612],[-97.5471972693857,35.2550259865251],[-97.5471932695522,35.2551559862213],[-97.5472292697207,35.2569979864664],[-97.5472302702555,35.2577409863275],[-97.5472392701741,35.2580359870138],[-97.547250269951,35.2584069868984],[-97.5472552698085,35.2585689868022],[-97.5472662699782,35.2611629861718],[-97.5472612692259,35.2618529869598],[-97.5472222700916,35.2626349865777],[-97.547240270032,35.2632299866187],[-97.5472482702608,35.2635149861745],[-97.5472552694539,35.2638449863056],[-97.5472592702113,35.2646599868291],[-97.547260270116,35.2647789863858],[-97.5472642701862,35.2656059862559],[-97.547266269927,35.2658819869695],[-97.5472682700402,35.2662549869995],[-97.5472522694963,35.2674289862288],[-97.5472492693057,35.2676029864281],[-97.5472592696337,35.268284986313],[-97.5472602694983,35.2688619866731],[-97.5472582699111,35.2693069864027],[-97.5472752693102,35.2701969862651],[-97.5472922700464,35.2718259869524],[-97.5472912694942,35.2721419866858],[-97.5472892699011,35.2726249865613],[-97.5473002696657,35.2734089867724],[-97.5473062703456,35.2753229869068],[-97.5473042694469,35.2757979867759],[-97.5473272702837,35.2764209862605],[-97.5472692700113,35.2820329862508],[-97.5472472696352,35.284160986185],[-97.5472132703271,35.2874349866844],[-97.5472002704843,35.2877939865976],[-97.5472032694468,35.2884009866403],[-97.547218270243,35.2888609862163],[-97.5472282700968,35.28956398633],[-97.5472292698472,35.290135986838],[-97.5472362695682,35.2907849863008],[-97.5449432698262,35.290776986465],[-97.5436092704828,35.2907719862706],[-97.5384772704701,35.2907539866992],[-97.5384252697989,35.2907539864395],[-97.5297362705489,35.290722986989],[-97.5211462701795,35.2907459866666],[-97.5209952700208,35.2907459869274],[-97.5208842699505,35.2907469863303],[-97.5208382705039,35.290746986674],[-97.5171832704419,35.2907539867644],[-97.5166692699638,35.2907539862216],[-97.5143072706301,35.2907589867487],[-97.5124282703292,35.2907579870533],[-97.5120512698252,35.2907609866038],[-97.512066270049,35.2916209864462],[-97.5120662697765,35.2918089869683],[-97.5120662705629,35.2920769867734],[-97.5120652702117,35.2926029864771],[-97.5120522706832,35.2937529869263],[-97.5120492704634,35.2943119862948],[-97.5120482706675,35.2944039864846],[-97.5120402697846,35.2947469862453],[-97.5120432702838,35.2951729869533],[-97.5120532696824,35.2965239865721],[-97.5120512703965,35.2976129867066],[-97.5120512699215,35.2978619866185],[-97.5120512699272,35.2980739866062],[-97.5120512704916,35.2982019864396],[-97.5106352697738,35.2981789870406],[-97.5064522698388,35.2981249868127],[-97.5032092697008,35.2980619869252],[-97.5031592700057,35.2982349862494],[-97.5016162702383,35.297793987119],[-97.50117427013,35.2980259871419],[-97.5010252706046,35.2977639863616],[-97.4962572697393,35.2979459869129],[-97.4959222705145,35.2979409870768],[-97.4944392701295,35.2979169871579],[-97.4941672701707,35.2979199864108],[-97.4929652706866,35.2979309870355],[-97.4902212704287,35.2979559867234],[-97.4902602707161,35.2982029869297],[-97.4903432700872,35.2989029871302],[-97.4903802707125,35.2995349863475],[-97.4903852700041,35.2997809866509],[-97.4903982701012,35.300357986736],[-97.4903912701218,35.3010909867112],[-97.4903842702632,35.3019549868145],[-97.4903842701457,35.3020349867876],[-97.4903832705672,35.3022829864288],[-97.4900602707926,35.302278986619],[-97.4900622701428,35.3017789871761],[-97.4900522699637,35.3008869868694],[-97.4900682700951,35.2998939863721],[-97.4900352699635,35.2993369869186],[-97.4898932701746,35.2979529869117],[-97.4897792703012,35.2973539869738],[-97.4896232703714,35.2967199867586],[-97.4896112698265,35.2966779868961],[-97.4893972705944,35.2959319869277],[-97.489098270257,35.2951449868604],[-97.4885532707081,35.2936549871135],[-97.4882542702641,35.2928949865969],[-97.4881292699662,35.2925009868187],[-97.4880182700619,35.2921499867391],[-97.4877412702939,35.2914579866104],[-97.4875972698603,35.291032986497],[-97.4873222705914,35.2902509863928],[-97.4871622698408,35.2898409866502],[-97.4869612698247,35.2892769865184],[-97.4867542697192,35.2887309868465],[-97.4865762698857,35.2882049867474],[-97.4865372700371,35.2880789868346],[-97.4864332706815,35.2877439865643],[-97.4862372698643,35.2871559866427],[-97.4861722703594,35.2869439864301],[-97.4861312697985,35.2868119867492],[-97.4860002705187,35.2862589871702],[-97.4858492701761,35.2855039867603],[-97.4857852704775,35.2850519870564],[-97.4857162701602,35.2844999866482],[-97.485669270469,35.2835139864409],[-97.4856752706303,35.2826419866423],[-97.4856992705523,35.2818799869943],[-97.4856922699151,35.281439987276],[-97.4856872697083,35.2811319869223],[-97.4856842705653,35.2764339872381],[-97.4860122698857,35.2764449872697],[-97.4864172696683,35.2764579869329],[-97.4871902696151,35.2764469865072],[-97.4876982696174,35.2764359872487],[-97.4883512700244,35.276419986832],[-97.4884662702025,35.2764169865008],[-97.4900822696494,35.276394987281],[-97.4931802698518,35.276387986705],[-97.4942832702271,35.2763779863852],[-97.4947902703155,35.2763729864619],[-97.4961792696691,35.2763799865142],[-97.4966792695975,35.2763779867917],[-97.4976132701097,35.2763739868114],[-97.4987192705716,35.2763789871222],[-97.4989382696316,35.2763809865391],[-97.5000012700051,35.2763849863695],[-97.5006782696776,35.2763599865719],[-97.5008802703468,35.2763559872324],[-97.5014402702906,35.2763429869959],[-97.5023682695335,35.2763329867651],[-97.5033432698553,35.2763299869668],[-97.5062372703965,35.2763479870348],[-97.5063132700672,35.2763469867251],[-97.507093269856,35.2763419870004],[-97.5079382700905,35.276352986888],[-97.5089332697537,35.2763459865351],[-97.5108442701772,35.2763759867528],[-97.5111182697334,35.2763799866452],[-97.5120132701905,35.2763759865948],[-97.5120182702034,35.2757679870259],[-97.5120022704232,35.2749339863614],[-97.5120042704429,35.2740659868308],[-97.5119822697333,35.2725099863309],[-97.5119692696859,35.2717709867316],[-97.5119592696845,35.270596986333],[-97.5119622703961,35.2702859866803],[-97.5119662704928,35.2696279867354],[-97.5119742696898,35.268868986678],[-97.5119642696841,35.2684619868272],[-97.5119642699845,35.268257986628],[-97.5119652697455,35.2677589864665],[-97.5119682701226,35.2674649868054],[-97.5119602701367,35.2663009865939],[-97.5119622700876,35.2659939871647],[-97.5119752702903,35.2655459864995],[-97.5119572700245,35.2638509863223],[-97.5119522699576,35.2637129870661],[-97.5119292704139,35.262357986545],[-97.5119312694505,35.2618639863314],[-97.5119322694797,35.2616499864139],[-97.5119162696716,35.2613789870936],[-97.5119202696637,35.2605509867102],[-97.5118942698192,35.2595399866713],[-97.5118912703908,35.2593739865558],[-97.5118802696642,35.2583999865271],[-97.5118852697569,35.2577119870642],[-97.5118832701146,35.2569849870295],[-97.5118822693179,35.2567869867909],[-97.5118932696864,35.2564539864353],[-97.5118512702264,35.2556799868472],[-97.5118592692888,35.2551039870762],[-97.5118622698867,35.2548639869437],[-97.5118422701885,35.2538689868299],[-97.5118412693513,35.2538109871374],[-97.511839270286,35.2526759869084],[-97.5118602698842,35.251873986829],[-97.5118642695068,35.2517399868047],[-97.5118512697187,35.2509069865292],[-97.5118492696078,35.25078998652],[-97.5118702695352,35.250171986431],[-97.5118752698098,35.2500029871209],[-97.511864269563,35.2497159866867],[-97.5118872697548,35.2473719872671],[-97.5095602693764,35.2474059867335],[-97.5077142694162,35.2474069868964],[-97.5048062701109,35.2474069871639],[-97.5031202698728,35.2474059870389],[-97.5017852696925,35.2474129870297],[-97.5002592700969,35.2474229871623],[-97.50000126967,35.2474239869324],[-97.4988492697242,35.2474029867851],[-97.4974732694837,35.2473799868154],[-97.4950332700859,35.2473779872146],[-97.4942852701205,35.2473769865713],[-97.4943072698422,35.242973986594],[-97.494316269564,35.2418749872405],[-97.4943392699145,35.2400669865539],[-97.4943502698674,35.2392489872394],[-97.4943642694396,35.2382309867825],[-97.4943782701351,35.2372069874095],[-97.4943892698888,35.2363449874003],[-97.4944252694037,35.233885987063],[-97.4944402695041,35.2336109870216],[-97.4944682696045,35.2331029874218],[-97.4944622697141,35.2329529872612],[-97.4927302698803,35.232964986542],[-97.4921162695183,35.2329689872547],[-97.4913342702227,35.2329749872696],[-97.4909802693341,35.2329769870147],[-97.4894092696866,35.232987986741],[-97.4894092695998,35.2328769869154],[-97.4893112696624,35.2328769866596],[-97.4892422697152,35.2328769868467],[-97.489243270205,35.2329409866861],[-97.4884042693743,35.2329309873503],[-97.4857222702328,35.2329459868985],[-97.4856172693917,35.2329469873937],[-97.485397269253,35.2329479872453],[-97.4853972701743,35.2314009871212],[-97.4853992696781,35.229136987419],[-97.4854082701111,35.2263799869283],[-97.485382269921,35.222967986638],[-97.4854072698449,35.2212899874872],[-97.4854012691268,35.2202579874549],[-97.4853382700911,35.2189059875062],[-97.4853352692693,35.2184689867989],[-97.4853342691652,35.2183159866742],[-97.4853282700081,35.2179289873925],[-97.485309269654,35.2169329872426],[-97.4852582695754,35.2161969870576],[-97.4851362691768,35.2154659867999],[-97.4851282699002,35.2154129872319],[-97.4849782691774,35.2148389874792],[-97.484794269514,35.2142819871979],[-97.4845322695551,35.2136219867553],[-97.4844102693765,35.2133949871339],[-97.4843112698619,35.2131779871284],[-97.4836902691588,35.2121499874135],[-97.4825962693983,35.2104429868202],[-97.4820072700178,35.2095169874029],[-97.4810512697255,35.2080139867645],[-97.4808082699425,35.207590987128],[-97.4806142691367,35.2071959866921],[-97.4805532695251,35.2070629871399],[-97.4804692699223,35.20687798685],[-97.4803322690313,35.2065529872086],[-97.4802212697397,35.206207986815],[-97.4801422693419,35.2059519875627],[-97.4800552700944,35.2056959868665],[-97.4799542693835,35.2052749870357],[-97.4798402699794,35.2046619871562],[-97.4797702690085,35.2038969867222],[-97.4797502694632,35.2036009867759],[-97.4797462699412,35.2029059871399],[-97.4797702696436,35.2025489872819],[-97.4798192699508,35.2021709875313],[-97.4798672700517,35.2018409868882],[-97.4799212698432,35.2016229870704],[-97.4801212700288,35.2008189868152],[-97.4801922694051,35.2005889875066],[-97.4803522693954,35.2001519875586],[-97.4804502700423,35.1999339867296],[-97.4806152699049,35.1995329875215],[-97.4814672697942,35.198073987507],[-97.481512269659,35.1979959868357],[-97.4818202699425,35.1975669871934],[-97.4824222691907,35.1967349869872],[-97.4825202697308,35.196585987047],[-97.4827642690377,35.196293987344],[-97.4832722697344,35.1956609871243],[-97.483888269324,35.1948929869342],[-97.4848075155203,35.193781203357]]]},"properties":{"OBJECTID":411,"DIST_NAME":"Ward 3","Ward_num":3,"WARDNO":3,"GlobalID":"aa5e76b5-98b5-4a5c-8ae0-ca6ad93fc215","Shape__Area":495636716.42956543,"Shape__Length":128124.59884588896}},{"type":"Feature","id":412,"geometry":{"type":"Polygon","coordinates":[[[-97.4397312700184,35.2328489870794],[-97.4389782694474,35.2328479873916],[-97.4378092697283,35.2328479869771],[-97.4375072700183,35.2328559870265],[-97.4364892695034,35.2328569870643],[-97.4359342703059,35.2328579869078],[-97.4356852702496,35.2328589875326],[-97.4347032699759,35.2328589868799],[-97.4336892703554,35.2328549876803],[-97.4334462700532,35.2328539869302],[-97.4329902703142,35.232851987061],[-97.4322972696772,35.2328569872182],[-97.4322512702314,35.2328489871653],[-97.431446270239,35.2328459869988],[-97.4299102697636,35.232855987601],[-97.4298112695501,35.2328569872041],[-97.4297742696797,35.2328569869719],[-97.4282072702698,35.2328669875773],[-97.4249542694648,35.232870987356],[-97.4234972699616,35.2328539874575],[-97.423518270245,35.2311759870672],[-97.4235342701126,35.2300669873646],[-97.4235412700566,35.2292419876218],[-97.4235522699764,35.2278349877183],[-97.4235552695721,35.2265849873337],[-97.4235582704743,35.2256469870079],[-97.4235612703113,35.2242289871759],[-97.4235642696788,35.2236969877071],[-97.423567269472,35.2232769874575],[-97.4235752701701,35.2228099871732],[-97.4235832695826,35.2220569875529],[-97.4235912703587,35.2214549874885],[-97.4235942694034,35.2212839878287],[-97.4236172704018,35.2200119875019],[-97.4236272696811,35.2194819877139],[-97.4236232694385,35.2183739874882],[-97.423620269618,35.2178399874967],[-97.4236192703237,35.2177139877282],[-97.4236172701904,35.2173139870509],[-97.423617270102,35.2167559875472],[-97.4236172698415,35.2164969873251],[-97.4236172693484,35.2163639876386],[-97.4236172703077,35.2162389876019],[-97.4236192693862,35.2155819872589],[-97.4236202703604,35.2151599870986],[-97.4236262696673,35.2141859872621],[-97.4236312698007,35.2133959871547],[-97.423632269433,35.2132909876555],[-97.4236342693276,35.2129149878427],[-97.4236412697895,35.2115649870589],[-97.423639269743,35.2111259877046],[-97.4236362696391,35.2099359875331],[-97.4236502702649,35.2092129876714],[-97.4236442694306,35.2076859876264],[-97.423643269273,35.2074609870327],[-97.4236422698001,35.2070219872192],[-97.423630269461,35.2061199874501],[-97.4236412697062,35.2055389873793],[-97.4236462694227,35.2050739873483],[-97.4236502700102,35.2046649875467],[-97.4236532694147,35.2044969875357],[-97.4236412693426,35.2038219878287],[-97.4249492694783,35.2038319877602],[-97.4262512699266,35.203836987336],[-97.4266752696101,35.2038309875769],[-97.4273112692262,35.2038399874147],[-97.427540269646,35.2038399872783],[-97.4280462692186,35.2038389876075],[-97.4285342694917,35.203837987847],[-97.4296812696403,35.2038359878455],[-97.4297742695433,35.2038359873391],[-97.4313552696825,35.20383298714],[-97.4318072694157,35.203846987038],[-97.4321742699108,35.2038309872638],[-97.4324102692431,35.2038299873167],[-97.4328052694162,35.2038289875298],[-97.4329082693728,35.2038289875084],[-97.4332582700093,35.2038289874947],[-97.4338232695659,35.2038269875362],[-97.4345992698636,35.2038259876887],[-97.4352152699025,35.2038299872867],[-97.4358182696535,35.2038339872558],[-97.436385270026,35.2038369873223],[-97.4368422693326,35.203840987293],[-97.4379412695333,35.2038489877168],[-97.4390512698605,35.2038539872643],[-97.439838269208,35.2038549875464],[-97.439992269837,35.2038559872614],[-97.4401232700601,35.203856987535],[-97.4412352695012,35.2038599871421],[-97.4428132696777,35.203863987413],[-97.444207269951,35.2038679869044],[-97.445382270048,35.203871987267],[-97.4460142693403,35.2038719875086],[-97.4472242696419,35.203863987355],[-97.447900270183,35.2038589873797],[-97.4490002691676,35.203850986949],[-97.4501342700178,35.2038399874333],[-97.4501332700244,35.2033709875554],[-97.4501312699509,35.2028029872519],[-97.4501302701079,35.2020559869092],[-97.4501312693557,35.201804987156],[-97.4501382695752,35.200826987019],[-97.4501382691437,35.2007669871511],[-97.450144269321,35.1998699876648],[-97.4501452693603,35.1996009873035],[-97.4501432693776,35.1983399870513],[-97.4501432692056,35.1980439877404],[-97.4501422697022,35.1975189872661],[-97.4501622691613,35.1968529876456],[-97.4501452694792,35.1966939877037],[-97.4500862691952,35.1961239870116],[-97.450071269082,35.1950439870573],[-97.4500672699476,35.1947719875429],[-97.4500782690693,35.1931209876848],[-97.4500852698514,35.1922649875155],[-97.4501822698747,35.1922669869713],[-97.4501962697538,35.1915199869321],[-97.450200270034,35.1909079869995],[-97.4502082698702,35.189554987196],[-97.4502082695271,35.1894919873113],[-97.4500222691924,35.1894919874642],[-97.4500222690715,35.1894049875359],[-97.4500232692361,35.1884899877601],[-97.450011269674,35.1874359877192],[-97.4500252697634,35.1866769873039],[-97.4500152690805,35.1858159876396],[-97.4500162694585,35.1852099870604],[-97.4500202699246,35.1834969869519],[-97.4501892697565,35.1834989876145],[-97.4501802691447,35.1828219871345],[-97.4501982699359,35.1820839874728],[-97.4504442691556,35.1821069871931],[-97.451430268973,35.1821259874444],[-97.4523242689579,35.1821319876605],[-97.4526742691457,35.1821709877161],[-97.4530242698651,35.1821939873106],[-97.4534932694126,35.1822669870686],[-97.454011269027,35.1823559875785],[-97.4545332694797,35.1824599872576],[-97.4550932700073,35.1825939869461],[-97.4559012692276,35.1828759875067],[-97.4567142689446,35.1831779874467],[-97.4568042690735,35.1832109870411],[-97.4574622697821,35.1834939873939],[-97.4579202693777,35.183730987693],[-97.4583512697736,35.183976987452],[-97.458987269112,35.1843649876981],[-97.4595912692438,35.184795987451],[-97.4596542689906,35.1848509869468],[-97.4602092689977,35.1853329871507],[-97.4612662694169,35.1863359871315],[-97.4619552690188,35.1869999871081],[-97.46251626917,35.1875309870596],[-97.462747269308,35.1877489876136],[-97.4642042694647,35.1890919874206],[-97.464331269016,35.1892129870768],[-97.4645162698452,35.1893909871032],[-97.464248269708,35.1893919874759],[-97.462879269013,35.1893999870816],[-97.4603902691807,35.1894269874734],[-97.4602782695327,35.1894279876814],[-97.4591512699995,35.1894399877529],[-97.4591212691554,35.1917129875053],[-97.45909826949,35.1938859871301],[-97.4590982690318,35.1945689872301],[-97.4590982695255,35.1953949874337],[-97.4590962699854,35.1962139875462],[-97.459075269841,35.1971019868989],[-97.4590542695741,35.1980139877332],[-97.4590202692321,35.1997739875077],[-97.4590042697819,35.2006869874677],[-97.4589992693456,35.2008809876295],[-97.4589812692693,35.2015259870496],[-97.4589672694314,35.2020949876367],[-97.4589692696436,35.2023079869658],[-97.4589692690723,35.2023729875781],[-97.4589732697973,35.2031019876073],[-97.4589772695816,35.2039069874559],[-97.4589752692034,35.2041579870782],[-97.4589692696766,35.2052009874506],[-97.4589582691276,35.2066249873062],[-97.458959269235,35.2075349870679],[-97.458959269427,35.2084359873682],[-97.45897426974,35.2093389868036],[-97.4589902691707,35.2102499872875],[-97.4589992692812,35.2108029870406],[-97.4589992692824,35.2111369874844],[-97.4590002693857,35.2120199870902],[-97.4590012697101,35.2125169871439],[-97.4590012693513,35.2129559868717],[-97.4589922693573,35.2134309872478],[-97.4589842697027,35.2138479871117],[-97.4589752702005,35.2143159873158],[-97.4589662697376,35.2147879868054],[-97.4589632699233,35.214988987608],[-97.4589682698415,35.2152369875378],[-97.4589702693453,35.2158619873828],[-97.4589722701815,35.2161359875014],[-97.458971270222,35.216631987424],[-97.458970269311,35.2170559869652],[-97.4589702698189,35.2174939872707],[-97.4589692702028,35.2179589871519],[-97.4589682692991,35.2184209872023],[-97.4589662693952,35.2194339870782],[-97.4589682696091,35.2199389871313],[-97.4589712692787,35.2207779871757],[-97.4589742693196,35.2216409876266],[-97.4589752696325,35.2221199875057],[-97.4589772698017,35.2225289871745],[-97.4589772702001,35.2226289873308],[-97.4589792702404,35.2231099870585],[-97.4589802702025,35.2233959873401],[-97.4589812693622,35.2236309874667],[-97.4589822696225,35.2241079868739],[-97.4589832698485,35.2243049872164],[-97.4589842696836,35.2246069874955],[-97.4589862702811,35.2250959873922],[-97.458987269846,35.2252069875935],[-97.4589952694151,35.2256059873181],[-97.4590062700818,35.2261899871188],[-97.4590102699646,35.2263989868421],[-97.4590232698911,35.2270349868258],[-97.4590272698652,35.2273549876117],[-97.4590192698343,35.227914987607],[-97.4589762703201,35.2309979869831],[-97.4589792698108,35.2311549868562],[-97.4589842698769,35.2314069873865],[-97.4589952695846,35.2319259869315],[-97.4589972693206,35.2320249869162],[-97.4589932703597,35.232950987112],[-97.4570662702696,35.2329609875811],[-97.4552882702586,35.2329259871336],[-97.4544702704054,35.2329439871601],[-97.453368270087,35.2329279872233],[-97.4518142701223,35.2329049868545],[-97.451687269925,35.2329039873329],[-97.4512792697238,35.2329029875631],[-97.450556269946,35.2328999869175],[-97.4499282701036,35.2328979873039],[-97.4494952698053,35.2328959873999],[-97.4479412699258,35.2328899873705],[-97.4461552704201,35.232875987505],[-97.4444232703513,35.2328629870628],[-97.4427342702037,35.2328549874214],[-97.4410742699705,35.2328489874055],[-97.4397312700184,35.2328489870794]]]},"properties":{"OBJECTID":412,"DIST_NAME":"Ward 4","Ward_num":4,"WARDNO":4,"GlobalID":"5ab9f28d-398a-4b1b-a0eb-a5af19b8d954","Shape__Area":133777256.03222656,"Shape__Length":59868.215795668846}},{"type":"Feature","id":413,"geometry":{"type":"Polygon","coordinates":[[[-97.3530322697928,35.1603229877934],[-97.3539102693804,35.16033298831],[-97.354306269628,35.1603379879373],[-97.3563542697731,35.1603629877165],[-97.3577792701233,35.1603849882225],[-97.3590442697497,35.1604019879533],[-97.3616912701138,35.1603999875254],[-97.3625282697362,35.1603999875502],[-97.3629702694656,35.1604029876128],[-97.3645952692213,35.1604229880102],[-97.3654322690953,35.1604289877401],[-97.3664472692004,35.1604319882647],[-97.3672952691132,35.1604519882202],[-97.3681982697468,35.1604529879354],[-97.3687952693713,35.1604529877635],[-97.3693632699705,35.1604529882438],[-97.3706482699253,35.1604619875416],[-97.3708162691126,35.1604659880702],[-97.3724972695906,35.1604589883389],[-97.3750072694716,35.1604809881502],[-97.3784822697861,35.1604799878662],[-97.3803062700868,35.1605119881807],[-97.3805842696887,35.160516987801],[-97.3820872699736,35.160508987708],[-97.3823432698418,35.1605079875835],[-97.3848472699734,35.1605319881236],[-97.3873722699542,35.1605269878625],[-97.3883732698226,35.1605309877628],[-97.3902792697273,35.1605379875616],[-97.3925112690229,35.1605509880589],[-97.3926862698431,35.1605519880662],[-97.3971362690508,35.1606139876691],[-97.398041268937,35.1606019881454],[-97.3982872693801,35.160600987868],[-97.4006752690004,35.1606329874882],[-97.4022602699283,35.1606539876326],[-97.403686269842,35.1606549874809],[-97.4045002693553,35.1619449881416],[-97.4047972689703,35.162413987815],[-97.4056372692014,35.1637639877091],[-97.4062452695912,35.1647119872612],[-97.4071182689992,35.1661339872929],[-97.4079592692193,35.1674379880924],[-97.408233269988,35.167863987835],[-97.4088502700213,35.1688519881111],[-97.4093182692334,35.1695999875075],[-97.4096352694209,35.1701159880538],[-97.4101102694266,35.1708919876082],[-97.4102782697153,35.1711589876619],[-97.4104972698842,35.171508988079],[-97.4110642695711,35.1724109873567],[-97.4114642694973,35.1730499872385],[-97.4122052695039,35.174183987627],[-97.4125062700303,35.1746749872644],[-97.4125792696773,35.1747949874383],[-97.4128002691968,35.1751589876402],[-97.413179269363,35.1757799875628],[-97.4136202695321,35.1764499871749],[-97.4140252700819,35.1771199873999],[-97.4143162700269,35.1775739876044],[-97.4143912700977,35.1776929874413],[-97.414482269226,35.1778349873623],[-97.4151112694154,35.1788759879418],[-97.4158122695195,35.1799809879203],[-97.4158772694542,35.1799489876658],[-97.4162842693524,35.1805829878249],[-97.4167142694462,35.1812319872951],[-97.4171902695452,35.1819519876334],[-97.4172552693251,35.1820559878079],[-97.4176512690711,35.1826979872739],[-97.4178582695211,35.1830319877676],[-97.4183982697614,35.1838929876344],[-97.4181762696597,35.1839819877993],[-97.4182792701537,35.1841499875359],[-97.4182342691552,35.1841709876752],[-97.4180112692268,35.1842569875232],[-97.4177452691256,35.1843589874355],[-97.4170212691236,35.1846569878435],[-97.4157092694427,35.1851869877674],[-97.415359270033,35.1853379878973],[-97.4149072693397,35.1855189872221],[-97.4145722694306,35.1856629878698],[-97.4142392700595,35.1857929878995],[-97.4135632697019,35.1860809875626],[-97.4132032698769,35.1862479874072],[-97.4128652696097,35.1863969879547],[-97.4124492700561,35.1865529872439],[-97.4107682699884,35.1871989879452],[-97.409904269319,35.1875089875351],[-97.408332269612,35.1879769878629],[-97.4077982697649,35.1881099880451],[-97.4070842700757,35.1883059879448],[-97.4059052698921,35.1885899874561],[-97.4058372700099,35.1886059873542],[-97.405836269384,35.1888309873613],[-97.4058462695253,35.1897009875998],[-97.405862269383,35.1911539872722],[-97.405883269593,35.1922419876362],[-97.4059002696668,35.1930249872639],[-97.4059212701407,35.1939139872058],[-97.4059552699446,35.1953549878157],[-97.4059562695,35.1956379879095],[-97.4059602702396,35.1963139872185],[-97.4059612700359,35.1966419875204],[-97.405964269739,35.1972379873441],[-97.4059682695581,35.1979989878004],[-97.405964269862,35.1984079875069],[-97.4059622698235,35.1987299879424],[-97.4059592695335,35.1990989875307],[-97.4059512701092,35.2001509871391],[-97.40595727015,35.200810987515],[-97.4059622699227,35.2013139877815],[-97.4059712695041,35.2023629877835],[-97.405967269298,35.2036799878036],[-97.4059842693973,35.2038479877583],[-97.4057252694768,35.2038479875749],[-97.4035702701199,35.2038009872668],[-97.4020712693735,35.2037679875411],[-97.4016372700673,35.203769987834],[-97.4011592701285,35.2037729873978],[-97.4006842699321,35.2037749874793],[-97.4005592703218,35.2037759872097],[-97.4002172693446,35.2037779874091],[-97.3995102697404,35.2037809875138],[-97.3982802697394,35.2037799880198],[-97.3970712699153,35.2037779876181],[-97.3960822699719,35.2037759877542],[-97.3942362693448,35.2037789880466],[-97.3940092695563,35.2037789874042],[-97.3933342695585,35.2037789873198],[-97.3932532697873,35.2037799875516],[-97.3921132695607,35.2037799878194],[-97.3916542695183,35.2037789872689],[-97.3908212695936,35.2037749873224],[-97.390523269388,35.2037739876477],[-97.3882812704201,35.2037669879613],[-97.3882652695204,35.204633987542],[-97.3882392698558,35.2060719874014],[-97.3882212699813,35.2070499877214],[-97.3882122703401,35.2074969873503],[-97.3882072693793,35.2077919874534],[-97.3881852697534,35.2091319875831],[-97.3881822698227,35.2092969879301],[-97.3881772702865,35.2095719872867],[-97.3881592695577,35.2106029879968],[-97.3881482698406,35.2129779878645],[-97.3881472695371,35.213592987946],[-97.3881472699291,35.2137759880242],[-97.3881472700744,35.2163929876782],[-97.3881412697749,35.2180069879182],[-97.3881522702976,35.21825498795],[-97.3881642696399,35.218543987238],[-97.3881712695356,35.2212049878284],[-97.3881652702841,35.2221429875311],[-97.3881632699659,35.2223969878353],[-97.3881592698557,35.2231029875166],[-97.3881572704854,35.2233529874644],[-97.3881532699295,35.2242249873864],[-97.3881512698628,35.2247889878215],[-97.3881512705283,35.2248129876504],[-97.3881502704936,35.2252839880001],[-97.388148269533,35.2258269872493],[-97.3881482701307,35.2259779879729],[-97.3881492704415,35.227313987158],[-97.3881532700418,35.2284729874949],[-97.3881572698073,35.2293269874491],[-97.3881552697119,35.2297349873599],[-97.3881542699949,35.2299709871524],[-97.388151269732,35.230838987901],[-97.3881482698137,35.2318209877137],[-97.3881552697374,35.2321839871711],[-97.3881652696972,35.2327169873142],[-97.3881862702002,35.2338099872462],[-97.3881882702225,35.234319987719],[-97.3881912699755,35.2350439878734],[-97.3881962702492,35.2360759876952],[-97.3882022706397,35.2362709871454],[-97.3882092700785,35.2364889871535],[-97.3882612703043,35.2380999876248],[-97.3882822696814,35.2389709876945],[-97.3883052706751,35.240063987837],[-97.3883062702919,35.240113987809],[-97.3883102701214,35.2403039879739],[-97.3883202702163,35.240765987974],[-97.38832327064,35.2412349873304],[-97.3883382704196,35.2433939877603],[-97.3883382704893,35.2444439876947],[-97.3883382703507,35.2447609875362],[-97.3883392700065,35.2455539876989],[-97.388372270103,35.247219987567],[-97.388344270511,35.24844698758],[-97.3883572705738,35.2500019874615],[-97.388358270598,35.2509179874131],[-97.3883492700721,35.2516639878767],[-97.3883502700438,35.2519489872897],[-97.3883502702955,35.252414987207],[-97.388354270009,35.2527609873912],[-97.3883602705218,35.2533729875211],[-97.3883762704433,35.2543119878375],[-97.3883772705593,35.2544889871282],[-97.3883792699548,35.2551139870956],[-97.3884042701467,35.2561029874828],[-97.3884152699768,35.2568619870496],[-97.3884112704919,35.2580039877475],[-97.3884152700675,35.2581679879089],[-97.388433269823,35.2590329878832],[-97.3884332700211,35.2595799878861],[-97.3884312700563,35.2608599877853],[-97.388419269961,35.2617279871474],[-97.388417270212,35.2619089874838],[-97.3883762702996,35.2633069871892],[-97.3883912702698,35.2640379877835],[-97.3883892703721,35.2647589869903],[-97.3883912706261,35.2655189876647],[-97.3883802707722,35.2659299876096],[-97.3883292706229,35.2665239871527],[-97.3883332701744,35.2675279874678],[-97.3883382705582,35.2679349870924],[-97.388340270791,35.2681369876989],[-97.3883152700753,35.2690299876356],[-97.3883292703902,35.2701399871552],[-97.3883302706806,35.2706529872316],[-97.388331270764,35.2707429877748],[-97.3883212705014,35.2718919878048],[-97.3883292707933,35.2723359877615],[-97.3883402701155,35.2729009874342],[-97.3883432704012,35.2735999872722],[-97.3883492707818,35.2746289875397],[-97.3883772700053,35.2759729873306],[-97.3883842700621,35.2762129869869],[-97.3915442699932,35.2762049874548],[-97.3918232709651,35.2762039876186],[-97.3933472702537,35.2762129872089],[-97.3949112699146,35.2761989872396],[-97.3960192699461,35.2762049877962],[-97.3978592705325,35.2762149877297],[-97.3998082706254,35.2762249869315],[-97.4060022705888,35.276191987279],[-97.405995270523,35.276803987222],[-97.4059952708659,35.2793959877179],[-97.4060102706209,35.2804889869226],[-97.4059962705177,35.2810989871583],[-97.4059762707582,35.2816369874528],[-97.4059642709892,35.2831669874641],[-97.4059652709948,35.2832449877039],[-97.405974270123,35.2839789875851],[-97.4059782704627,35.2859899869334],[-97.4059622706303,35.2866529871411],[-97.4059572702234,35.286952986982],[-97.4059592701039,35.287337986873],[-97.40595927079,35.2875559873679],[-97.4059602699624,35.2877469874328],[-97.4059622709917,35.2879259872902],[-97.4059452705362,35.2884789873464],[-97.405932270422,35.2888919870448],[-97.40593427026,35.2889879873062],[-97.4059672703888,35.2906949873187],[-97.404842270726,35.2906999870056],[-97.4043672703189,35.2907029870269],[-97.4037942708602,35.2907049869876],[-97.4004222705536,35.2907209873558],[-97.3978122706682,35.2907329869375],[-97.39681727097,35.2907379875658],[-97.3949872706614,35.29074598756],[-97.3916102709217,35.2907619870179],[-97.388313270239,35.2907769871057],[-97.3873942704623,35.2907769874483],[-97.3864352710591,35.2907769870959],[-97.3828222701821,35.2907769871367],[-97.3825932704679,35.2907769872396],[-97.3825642708981,35.2907769878225],[-97.3770952700914,35.290776986969],[-97.3735982708554,35.2907759872196],[-97.3718992706325,35.2907759874689],[-97.3714562703489,35.2907759871379],[-97.3707302704119,35.2907759874995],[-97.3666922705287,35.2907709877181],[-97.3531022702491,35.2907549875655],[-97.3530732706387,35.290754987511],[-97.3527652706831,35.2907539878885],[-97.3487372707657,35.2907459874796],[-97.3448132708142,35.2907379878664],[-97.3447162712177,35.2907379871825],[-97.3445322705525,35.2907379874422],[-97.3419772708049,35.2907329872883],[-97.3386882706129,35.2907259873227],[-97.338580270936,35.2907259876128],[-97.3371562712498,35.2907229880418],[-97.3370792709069,35.2907229880648],[-97.3360512704473,35.2907209879257],[-97.3360282704107,35.2957889873637],[-97.3360192706425,35.2976749873745],[-97.3360182704933,35.297928987741],[-97.3360182708693,35.2979479872254],[-97.3360152708411,35.298664987562],[-97.3360152706162,35.2987629873288],[-97.3360122708547,35.2993749878491],[-97.3360092704939,35.2999819875564],[-97.3360052707565,35.3009039875665],[-97.3360022712189,35.3014309880241],[-97.3360012705125,35.3016729875122],[-97.3359982707554,35.3022809871806],[-97.3359932707798,35.3032649871856],[-97.3359912705431,35.3037919871462],[-97.3359842705893,35.3051639872804],[-97.3359842708685,35.3051999878615],[-97.331493270744,35.3052699873589],[-97.3298302707389,35.3051989873892],[-97.3281222708487,35.3051919879742],[-97.3273122711787,35.3051909879976],[-97.3268472709658,35.3051909877034],[-97.3267632706453,35.3051909872464],[-97.3266052707307,35.3051899880819],[-97.325469271334,35.3051739880362],[-97.3237572708685,35.3051479878311],[-97.3233532710182,35.3051409877106],[-97.3216712707056,35.3051449876067],[-97.3207042712646,35.3051379874756],[-97.3200432711345,35.3051309879668],[-97.3190912713558,35.3051619874936],[-97.3181492709535,35.305168988051],[-97.3157452708299,35.3051489880296],[-97.3154792711003,35.3051459881203],[-97.3118222704456,35.3051159876301],[-97.3113702714136,35.3051119878571],[-97.3096722710078,35.3050979877765],[-97.3081922713625,35.3050849873655],[-97.3065162712355,35.3050709880428],[-97.3044112708485,35.3050529874979],[-97.300505270971,35.3050199875288],[-97.3005032706432,35.3052309876041],[-97.3004672707409,35.3065069879004],[-97.3004692710303,35.3066199874457],[-97.3004772710353,35.307196987761],[-97.3004792707863,35.3075459874225],[-97.3004732710746,35.3086689878668],[-97.3004762715784,35.3093619876213],[-97.3004782712425,35.3098679876836],[-97.3004792706097,35.310056988166],[-97.300457270998,35.3108449878156],[-97.300452271019,35.311429987578],[-97.3004492708818,35.3125059874947],[-97.3004612706745,35.3132949880406],[-97.3004722706888,35.3140409877002],[-97.3004742709888,35.3146449880518],[-97.3004772710548,35.3154709874032],[-97.3004702714342,35.3168969873965],[-97.3004682707446,35.3171369880796],[-97.3004332712081,35.3186989874422],[-97.3004412711226,35.3195239881679],[-97.2981662707801,35.3195189881325],[-97.2972012709712,35.3195179872966],[-97.2961322711788,35.3195149874807],[-97.2960002715783,35.3195149874251],[-97.2939592709821,35.3195109874786],[-97.293934270797,35.3195109874664],[-97.2904542709803,35.3195029876592],[-97.2893932707812,35.3195009876421],[-97.2878242712961,35.3194969874376],[-97.2862142706704,35.319493987891],[-97.2857932713351,35.3194929875036],[-97.2849512715488,35.3194909878129],[-97.2839292710062,35.3194889877817],[-97.2828522706633,35.3194869880042],[-97.2806322712135,35.3194889877579],[-97.2798222716558,35.3194909877434],[-97.2777582708055,35.3194939875298],[-97.2777402714921,35.3194939874299],[-97.2759612712384,35.3194959881457],[-97.2754572716624,35.3194959877068],[-97.2736872712515,35.3194989882821],[-97.2736222715691,35.3194989880012],[-97.2727522710362,35.3195009877849],[-97.2717472716352,35.3195009880365],[-97.2696462707422,35.3195039882115],[-97.2683262712025,35.3195059877056],[-97.2677172709293,35.319506987505],[-97.2673042716884,35.3195069881978],[-97.2671882717892,35.3195079880421],[-97.2651582708458,35.3195109879884],[-97.2649722707635,35.319510987588],[-97.264459270941,35.3195059878227],[-97.2638102716519,35.319499988258],[-97.2616722718089,35.3194789880864],[-97.2589132707791,35.3194529878843],[-97.258240271646,35.3194459880104],[-97.2554882708007,35.3194199883815],[-97.2496592708645,35.319363988014],[-97.2474752716112,35.3193439879547],[-97.2474802717442,35.3237479879001],[-97.2474802712181,35.3239119881557],[-97.2474812713201,35.3249689881243],[-97.247483271097,35.3266199881301],[-97.2474862708712,35.3288789875533],[-97.247486271092,35.3293539880179],[-97.2474922711867,35.3338679879736],[-97.2476072717599,35.3409829877593],[-97.2475382712328,35.3425519880575],[-97.2474912709861,35.3427839879523],[-97.2474912712389,35.3429269876515],[-97.2474902714445,35.345614988218],[-97.2474902720353,35.3458379875652],[-97.2474902717271,35.3476349878566],[-97.2474902719119,35.3483239877013],[-97.2457532713282,35.3483109881272],[-97.2446762715061,35.3483039879178],[-97.2443132710517,35.348300987636],[-97.2423892711864,35.3482869881585],[-97.2419572714395,35.3482839883489],[-97.2416252720813,35.3482669883883],[-97.2393892713081,35.3482409883416],[-97.2312942719803,35.3482029876588],[-97.2304412714316,35.3481989882904],[-97.2303862716548,35.3481999877172],[-97.2303832719752,35.3477419877652],[-97.2303812719498,35.3473369880121],[-97.2303682711905,35.3452769877474],[-97.2303582712593,35.3437429879522],[-97.2303542718638,35.3429869880163],[-97.230352272022,35.3427409879308],[-97.2303452712044,35.3415749882442],[-97.230343271804,35.3413499882956],[-97.2303422710758,35.3412079879662],[-97.2303402712043,35.34090998771],[-97.230312271429,35.33636998777],[-97.2303072719697,35.3356419876101],[-97.2303062714952,35.335427987919],[-97.2302952710471,35.333675988443],[-97.2303142716555,35.3265319881077],[-97.2302952717639,35.3263739882917],[-97.2302052710199,35.3251869883133],[-97.2301752714414,35.3217799880338],[-97.2301422716058,35.3192249878234],[-97.2301682716705,35.3185289877314],[-97.230180271287,35.3176109884733],[-97.2301882715664,35.3169889877484],[-97.2301832710044,35.3162219879679],[-97.2301812712542,35.3158869880935],[-97.2301552708077,35.3147029880931],[-97.230152271867,35.3143349879485],[-97.2301482716064,35.3137819879975],[-97.2301382718746,35.3125009884203],[-97.2301482717744,35.3098089885527],[-97.230135271471,35.309149988571],[-97.2301052714516,35.3075869879303],[-97.2300942708555,35.3070339878281],[-97.2301112716409,35.30613298819],[-97.2300842709096,35.3057219883498],[-97.2300682711658,35.3049179880933],[-97.2300812709481,35.3046629879959],[-97.2293412717609,35.3046729885892],[-97.2278182710555,35.3046679881231],[-97.2267492711159,35.3046449877543],[-97.2258892712799,35.3046369882453],[-97.2228312707758,35.3046079880232],[-97.2216812716571,35.3045779886189],[-97.2212752712634,35.3045819879867],[-97.2192752710634,35.3046079885269],[-97.2186172716933,35.3046199885854],[-97.2173992708203,35.3045959884393],[-97.2156042707937,35.3046029886561],[-97.2152222708204,35.3045969879581],[-97.212578270834,35.3045489881983],[-97.2124552715826,35.3045419885508],[-97.2124292713717,35.2990229878527],[-97.2124262708419,35.2982369887213],[-97.2124232718246,35.2976119884115],[-97.212422270798,35.2973369886428],[-97.2124212714313,35.2972409879813],[-97.2124062707985,35.2970229886269],[-97.2123722711316,35.2964819879795],[-97.2123722716117,35.2963549879727],[-97.212372271176,35.2960389882239],[-97.2123832709331,35.2938649883551],[-97.2123752707592,35.291958988052],[-97.2123772709099,35.2910389879345],[-97.2123762715957,35.2900479882348],[-97.2117802710581,35.2900659884169],[-97.2109452714264,35.2900449883153],[-97.2089132710847,35.2899939880681],[-97.207076270942,35.2899939887368],[-97.2065362717024,35.290027988006],[-97.2064472715573,35.2900339879576],[-97.2058122713315,35.2900519881861],[-97.2039942716159,35.2899999886021],[-97.2027662708786,35.2899569886973],[-97.2014372715396,35.289928987946],[-97.2009632711931,35.2899199886821],[-97.2002072712541,35.2898869887951],[-97.1999662716785,35.2898769879861],[-97.198972271455,35.289881988834],[-97.1973602715003,35.289895988595],[-97.1966772717841,35.2898809887769],[-97.1966062713006,35.2898789886468],[-97.1952432711797,35.2898789882555],[-97.1946242715937,35.2898789883813],[-97.1934182708341,35.2898779883346],[-97.1916912709135,35.2898469883931],[-97.19084327095,35.2898449880204],[-97.1907722708344,35.2898449882475],[-97.1902352713404,35.2898439882923],[-97.1877332708805,35.2898819884695],[-97.1875022711042,35.2898859885747],[-97.1858532709324,35.289872988067],[-97.1847322718487,35.2898669883728],[-97.183709271076,35.2898719885162],[-97.1830502712401,35.2898709882974],[-97.1825532710523,35.2898699886112],[-97.1821382711068,35.2898689881802],[-97.180543271308,35.2898529889149],[-97.1798842714489,35.289854988598],[-97.1794212717908,35.2898569888638],[-97.1784152710856,35.2898499882227],[-97.178129271866,35.2898459881013],[-97.1772682708646,35.2898349885244],[-97.1772452717419,35.2891779886826],[-97.1772142713243,35.2882829887201],[-97.1772232718222,35.2875599884056],[-97.1770852718072,35.2826159886833],[-97.1770612717267,35.2816419882392],[-97.1770392712697,35.2808309888284],[-97.1770262711868,35.280072988192],[-97.1770082708393,35.278989988973],[-97.1770052717805,35.2779469884738],[-97.177003271519,35.2771969889483],[-97.1770182708227,35.2754179889208],[-97.1770392712917,35.2743569885837],[-97.1770412708963,35.2726489886447],[-97.1770432712096,35.2723629887912],[-97.1770432716062,35.2721779888911],[-97.1770452708465,35.271868988828],[-97.1770852712784,35.2709849882968],[-97.1770962708287,35.2707199889738],[-97.177102271454,35.2705939883469],[-97.1770342714585,35.2695189886025],[-97.1770282710419,35.2694199883373],[-97.1770252706877,35.2690209882046],[-97.1770182708168,35.267940988375],[-97.1769912711596,35.266590988522],[-97.1769962707333,35.2658239886429],[-97.1770002716695,35.2652449883253],[-97.1769782713257,35.2641149886995],[-97.1769482708134,35.2630739885244],[-97.1769442707634,35.2619659881869],[-97.1769612708369,35.2609019884802],[-97.1769462709346,35.2594989890372],[-97.1769472708375,35.2593069885828],[-97.1769532710216,35.257291989024],[-97.1769542706099,35.2570619884197],[-97.1769462706542,35.2559559887434],[-97.1769482714609,35.2558749886842],[-97.1769622709357,35.255492988326],[-97.176986270677,35.2548159890262],[-97.1770522711449,35.2536059881967],[-97.1770362705978,35.2522559888971],[-97.1770272705208,35.2508979882823],[-97.1770342714386,35.2504059882301],[-97.1770402713284,35.2500009882431],[-97.1770192711697,35.2492429884487],[-97.1770122708186,35.2487999886658],[-97.1769992709297,35.2480099882837],[-97.1770142715039,35.2473739890294],[-97.1770142713543,35.247354988965],[-97.1770332708871,35.246504988584],[-97.1769702713548,35.246294988648],[-97.1769972704832,35.2457429890307],[-97.1769922708276,35.2440189887238],[-97.1769932709492,35.2427869883679],[-97.1769942711243,35.2418159889673],[-97.1770062714054,35.2412189887779],[-97.1770352711939,35.2396559888842],[-97.1769862710379,35.2383239886494],[-97.1769792714297,35.2381279887621],[-97.1769772706429,35.2380649889485],[-97.176987270682,35.2375389886743],[-97.177018270511,35.2357919882956],[-97.1770272713592,35.2352879889481],[-97.1770342704502,35.2348499885486],[-97.177035270961,35.233372988471],[-97.1770262706354,35.2326119888088],[-97.1770312708169,35.2321149883679],[-97.1770342708793,35.2317859888356],[-97.1770312713286,35.2316399886067],[-97.1769952707841,35.2301319887055],[-97.1769972706346,35.2285859885222],[-97.1769912706786,35.2267619886875],[-97.1770172705819,35.2255849887937],[-97.177007270684,35.224886988656],[-97.176998270815,35.2241619887356],[-97.1769852705412,35.2232389886426],[-97.1769772703889,35.2216009884103],[-97.1769742707186,35.2211169889982],[-97.17696327125,35.2199139884513],[-97.1769512707912,35.2182459884841],[-97.1769492704852,35.2175969887644],[-97.1769462709428,35.2159879891582],[-97.1769502712188,35.2156399887208],[-97.1769572707487,35.2150589886816],[-97.1769682712125,35.2140899889462],[-97.1769652707749,35.2130169889039],[-97.1769632711777,35.2120489885409],[-97.1769182709617,35.2107999886691],[-97.1769202703751,35.2106819889897],[-97.1769272702433,35.2102629886567],[-97.1769632710406,35.2083239885586],[-97.1769562705929,35.2041899887652],[-97.176955271183,35.2038859889268],[-97.1769512701701,35.2033689889349],[-97.1771572708314,35.2031299888077],[-97.1772672701563,35.2029259888026],[-97.1773472710022,35.2027409884942],[-97.1773552708634,35.2024379888613],[-97.1773732705884,35.2017749891321],[-97.1774152706491,35.2010599891092],[-97.1774252703346,35.2007709886255],[-97.1774952705741,35.1991969891717],[-97.1774902709667,35.1988919885573],[-97.1774952705693,35.1984969888186],[-97.1775042710274,35.1982679887191],[-97.1774982703863,35.1980029886044],[-97.1774572707192,35.1978289885589],[-97.1774852701106,35.1973439890724],[-97.1774542705539,35.1966189890626],[-97.177447271074,35.1959059891678],[-97.1774472705821,35.1958429891657],[-97.1774452701546,35.1947009892422],[-97.1773602701287,35.1929539892896],[-97.1773532708474,35.1928149884324],[-97.1773592709778,35.1923009891938],[-97.1773592703767,35.1922659890459],[-97.1773632702916,35.1918619885152],[-97.1773692710817,35.1913789888865],[-97.1773582702898,35.1893429888366],[-97.1773482709046,35.1887849885996],[-97.1773472705194,35.1887389892323],[-97.1773402709214,35.1884709889073],[-97.1773302707757,35.1881019890115],[-97.1773172708226,35.1874029887266],[-97.1773122702717,35.1864089886096],[-97.177306270753,35.1857229886809],[-97.1773012706251,35.185199988962],[-97.1773002701459,35.185133988502],[-97.1803772708931,35.1851449889676],[-97.1813422709334,35.1851489889095],[-97.1861992700213,35.1851649890703],[-97.1910662707485,35.185183989189],[-97.1947642709107,35.1851969885267],[-97.1949082699123,35.185208988918],[-97.1952492709543,35.1852079889628],[-97.1957542704535,35.1851819890387],[-97.1960512707741,35.1851749887101],[-97.1961442706907,35.1852219887635],[-97.1963682709181,35.1852369883981],[-97.1971512700135,35.1852589886552],[-97.1980772705853,35.185247989194],[-97.1981402707581,35.1852289885969],[-97.1986952708919,35.1852109888578],[-97.2064972705859,35.1852369885253],[-97.2090642699013,35.1852469891454],[-97.2124692703033,35.1852579889811],[-97.216776269851,35.18527398846],[-97.2213101552847,35.1852909533194],[-97.2213255944836,35.187117409163],[-97.2235459963445,35.1871171406436],[-97.2257604667206,35.1871157941335],[-97.2257744966162,35.1852959195],[-97.2298262701524,35.1853169888839],[-97.2302992705398,35.1853209883907],[-97.2302972698517,35.1843379888353],[-97.2302962703446,35.1837099881742],[-97.2302822702591,35.1799109882365],[-97.2302752703008,35.1744609889068],[-97.230262269883,35.1690369884693],[-97.2302562702601,35.1678879888462],[-97.2302542699968,35.1672949885637],[-97.2302542702045,35.1661859883265],[-97.2302362701265,35.1600389883792],[-97.230213270017,35.1509209885714],[-97.2300302700196,35.1501979884947],[-97.2300402703502,35.1499059890372],[-97.2300512700341,35.1496839887251],[-97.2300882695898,35.1493589885925],[-97.2301422702153,35.1491589886033],[-97.2302082704688,35.1489869891622],[-97.2302222697712,35.1486699890108],[-97.2302562697332,35.1472539887944],[-97.2302712702376,35.1454629890991],[-97.2311442700509,35.1454659887535],[-97.231737270198,35.145497988824],[-97.2319202702074,35.145507989016],[-97.2320082696556,35.1455079891381],[-97.2327352696319,35.1455169886571],[-97.2331712699091,35.145528989092],[-97.2339712703803,35.1455489886113],[-97.2341942701769,35.1455509887163],[-97.2349432701362,35.1455589891161],[-97.2358512704652,35.1455759890091],[-97.237709270323,35.1455869883415],[-97.2390442699136,35.1455679884097],[-97.2392852699975,35.1455639882437],[-97.2401832701285,35.1455609885616],[-97.2405452702694,35.1455599884026],[-97.2406572700814,35.1455609887844],[-97.2412362700371,35.1455689882631],[-97.2419112697787,35.145576988642],[-97.2424242701614,35.1455769882654],[-97.2431582697937,35.1455759889444],[-97.2438482702058,35.145574988543],[-97.2440592701146,35.1455759882955],[-97.244513269496,35.1455789883918],[-97.2451882696757,35.1455829883796],[-97.245598269928,35.1455859882354],[-97.2459782701234,35.1455879886887],[-97.2475322700567,35.1456119885019],[-97.2479472702739,35.1456189890187],[-97.2487822701577,35.1456429886107],[-97.2499572695477,35.1456779883151],[-97.2501382694737,35.1456699887356],[-97.2560082701595,35.1457749887903],[-97.2562552700341,35.1457789888975],[-97.257920269451,35.1457769881989],[-97.259475269442,35.1457999884578],[-97.2617482695603,35.1458269887799],[-97.263145269507,35.1458319884031],[-97.2639732698133,35.145858988655],[-97.2644972703701,35.1458619889113],[-97.2651202701038,35.1458649885657],[-97.2666312702937,35.1458559887772],[-97.2682342702801,35.1458579889317],[-97.269056270371,35.1458549882117],[-97.2703302698682,35.1458429880583],[-97.2712682702766,35.1458179883386],[-97.2719472703446,35.1458039884894],[-97.2725952701935,35.1458239887862],[-97.2727972695404,35.1458259883272],[-97.2738052701353,35.1458359881848],[-97.275850269303,35.1458339883872],[-97.2764502699664,35.1458379885292],[-97.2787572699335,35.1458499886872],[-97.2792352699974,35.145845988465],[-97.2792702702887,35.1458459882207],[-97.280815269892,35.1458379887563],[-97.2824182696256,35.1458509884546],[-97.2827792703068,35.1458379884256],[-97.2830732696899,35.1458339881556],[-97.2835732697266,35.1458399886532],[-97.2845142697367,35.1458499886896],[-97.2861672700267,35.1458319880977],[-97.2872842700812,35.1458119882178],[-97.2874482696443,35.1458119882627],[-97.2900292702409,35.1458149883314],[-97.2902042695104,35.1458159884047],[-97.291500269571,35.1458249886028],[-97.2917222699571,35.1458279881649],[-97.2929092702617,35.1458449887458],[-97.2957332702738,35.1458949885659],[-97.2968422700589,35.1458969880003],[-97.2981842700424,35.1459089887476],[-97.2991172693567,35.145905988143],[-97.3002982702438,35.1459079884236],[-97.301366270056,35.1458819883885],[-97.3020402693408,35.1458759884763],[-97.3027232699346,35.1458619882621],[-97.3032312695085,35.145851988602],[-97.3042232701777,35.1458699879536],[-97.3043972694847,35.1458729884949],[-97.3055772695843,35.1458389882505],[-97.3066332700501,35.1458329884357],[-97.3077622699757,35.1458269887482],[-97.3089022700207,35.1458179884195],[-97.3093442699826,35.1458219885357],[-97.3094402695165,35.1458219880855],[-97.3095022701431,35.1458229881798],[-97.3113612696412,35.1458289881721],[-97.3124942694086,35.1458329882609],[-97.3146002701086,35.1458329879739],[-97.3162362692069,35.1458489882165],[-97.3177952695123,35.1458639885036],[-97.3179222691357,35.1458659878569],[-97.3180472697905,35.1458669880552],[-97.3195122698783,35.1458289881059],[-97.3216592691967,35.1458159884604],[-97.323938269403,35.1457929878976],[-97.3260972698473,35.1457829883136],[-97.3275842699182,35.1458029879123],[-97.3280992698035,35.1457989883714],[-97.3328072693164,35.1457549880904],[-97.3353212696669,35.1457579883004],[-97.3359932700833,35.1457649878174],[-97.3370702697833,35.1457769877413],[-97.3373882693539,35.1457759877603],[-97.337408269889,35.1457759883328],[-97.3392942699745,35.1457709883516],[-97.3393772699949,35.1457719880183],[-97.3407522698332,35.1457879883271],[-97.3408502694599,35.1457889881402],[-97.3420322690992,35.1458009885118],[-97.3427332697974,35.1458069878027],[-97.3427922699544,35.1458049885599],[-97.342843269779,35.1458079880118],[-97.3431122694605,35.1458109883046],[-97.3439912698101,35.145827987715],[-97.3442232694851,35.1458329883648],[-97.3447502698196,35.1458429880642],[-97.3461862697076,35.1458579881386],[-97.3486832696294,35.1458579879562],[-97.349969269412,35.145861988213],[-97.3520532691191,35.1458769879038],[-97.3524632692207,35.1458819883488],[-97.3530182695157,35.1458889885045],[-97.353013269542,35.1469999878345],[-97.3530102696645,35.1479429882288],[-97.3530072695293,35.1486259884587],[-97.3530142697104,35.1496229884912],[-97.3530172691277,35.1499929875923],[-97.3530262701162,35.1506839881978],[-97.3530322696994,35.1511029882717],[-97.3530292695576,35.1514159884616],[-97.3530222693345,35.152204987763],[-97.3530192695893,35.1524869880397],[-97.3530142695214,35.1530629877037],[-97.3530622699524,35.1541019879039],[-97.3530702692187,35.1554049877608],[-97.3530582692561,35.1560249884044],[-97.3530442692206,35.1568089883724],[-97.3530382691304,35.1571229880354],[-97.3530412692333,35.1598969875604],[-97.3530322697928,35.1603229877934]]]},"properties":{"OBJECTID":413,"DIST_NAME":"Ward 5","Ward_num":5,"WARDNO":5,"GlobalID":"c911bc4c-48b8-48c1-9778-7f63f25edd64","Shape__Area":3523090882.5129395,"Shape__Length":298770.45921015815}},{"type":"Feature","id":414,"geometry":{"type":"Polygon","coordinates":[[[-97.4133512702774,35.2183559876409],[-97.4138462699897,35.2183569873409],[-97.4150742702317,35.2183599874962],[-97.4159562700123,35.2183579871042],[-97.4165042696053,35.218356987851],[-97.4176642695298,35.2183539870687],[-97.4181772696304,35.2183569870924],[-97.4186082695649,35.2183589871887],[-97.419287269566,35.2183629870328],[-97.4196052697638,35.2183639876917],[-97.4197012699079,35.2183649877686],[-97.4197742704025,35.2183649878254],[-97.4202992703816,35.218367987831],[-97.4207652702361,35.2183699875765],[-97.4214242700434,35.2183709871438],[-97.4223542704021,35.2183729875503],[-97.4224622696561,35.2183729872212],[-97.4236232694385,35.2183739874882],[-97.4236272696811,35.2194819877139],[-97.4236172704018,35.2200119875019],[-97.4235942694034,35.2212839878287],[-97.4235912703587,35.2214549874885],[-97.4235832695826,35.2220569875529],[-97.4235752701701,35.2228099871732],[-97.423567269472,35.2232769874575],[-97.4235642696788,35.2236969877071],[-97.4235612703113,35.2242289871759],[-97.4235582704743,35.2256469870079],[-97.4235552695721,35.2265849873337],[-97.4235522699764,35.2278349877183],[-97.4235412700566,35.2292419876218],[-97.4235342701126,35.2300669873646],[-97.423518270245,35.2311759870672],[-97.4234972699616,35.2328539874575],[-97.4249542694648,35.232870987356],[-97.4282072702698,35.2328669875773],[-97.4297742696797,35.2328569869719],[-97.4298112695501,35.2328569872041],[-97.4299102697636,35.232855987601],[-97.431446270239,35.2328459869988],[-97.4322512702314,35.2328489871653],[-97.4322972696772,35.2328569872182],[-97.4329902703142,35.232851987061],[-97.4334462700532,35.2328539869302],[-97.4336892703554,35.2328549876803],[-97.4347032699759,35.2328589868799],[-97.4356852702496,35.2328589875326],[-97.4359342703059,35.2328579869078],[-97.4364892695034,35.2328569870643],[-97.4375072700183,35.2328559870265],[-97.4378092697283,35.2328479869771],[-97.4389782694474,35.2328479873916],[-97.4397312700184,35.2328489870794],[-97.4410742699705,35.2328489874055],[-97.4410732701962,35.2340019868351],[-97.4410882703445,35.2345889868981],[-97.4410932696723,35.2351089873351],[-97.4410922694132,35.2356649869461],[-97.4410942704637,35.2371169875905],[-97.4410962699429,35.2374529871828],[-97.4411082697151,35.2381849874281],[-97.441114269456,35.2386259874545],[-97.4411182698303,35.2388419869848],[-97.4411372701066,35.2401389868323],[-97.4411392700375,35.2402419871434],[-97.4411512702916,35.2410039875044],[-97.4411562704145,35.2413059874312],[-97.4411642704845,35.2418509868101],[-97.4411662700343,35.2419779875586],[-97.4411672697791,35.242498986957],[-97.4411692699829,35.2438179875371],[-97.4411932699234,35.2450399876324],[-97.4412192696037,35.2464429871833],[-97.441223269688,35.2466649873303],[-97.4412222702374,35.2473969873453],[-97.4412212704139,35.2487669869542],[-97.4412202697784,35.2495839870838],[-97.4412202703845,35.2500179869185],[-97.4412252697915,35.2502589874082],[-97.4412092697722,35.2510799867988],[-97.4411942701245,35.251592987072],[-97.44117827034,35.2520849874124],[-97.4411842704683,35.2523209870334],[-97.4411852706275,35.25238998679],[-97.4411952702812,35.2528179870898],[-97.4412632704063,35.2549449870199],[-97.4412682696397,35.2557639873963],[-97.4412692699606,35.2559389873212],[-97.4412252703794,35.256966987381],[-97.4412082704184,35.2573699869685],[-97.441219269618,35.2582079873648],[-97.4412222704624,35.2586899875332],[-97.4412242702652,35.2590869871925],[-97.4412252699264,35.2591669868971],[-97.4412282701867,35.2595259872464],[-97.4412292704259,35.2595669871633],[-97.4412332703633,35.2603949870244],[-97.4412342701224,35.2605239869718],[-97.4412352700357,35.261054986925],[-97.4412182703415,35.2617829868106],[-97.4412202705678,35.2618809873932],[-97.4426222699377,35.2618779871738],[-97.444366270467,35.261884987348],[-97.4456562697894,35.261900987283],[-97.4458322697049,35.2619009867294],[-97.446736270157,35.2619039868362],[-97.4480242700407,35.2619039872976],[-97.4495092700897,35.2619159873292],[-97.4505662705264,35.2619189873949],[-97.4510492702459,35.2619179871339],[-97.4525792699447,35.2619149873792],[-97.4532632695639,35.2619139872009],[-97.4535692703944,35.2619039873927],[-97.4539792696358,35.2619009866888],[-97.455316270169,35.2618939868124],[-97.4590602701091,35.2618729868355],[-97.4590892703313,35.2648289872183],[-97.4590792702323,35.26619498663],[-97.459085269884,35.2672389869658],[-97.4590662702456,35.267977987244],[-97.4590542700788,35.2684409868724],[-97.45905727004,35.2703819871397],[-97.4590602703446,35.2726019867463],[-97.4590712704008,35.2739449873477],[-97.4590662701891,35.2747649874339],[-97.4590582702098,35.2763179867819],[-97.4590562704252,35.276990986912],[-97.4590602706064,35.2779339873417],[-97.4590632698991,35.2785709867158],[-97.4590642704853,35.2788519867878],[-97.4590662705334,35.279192986638],[-97.4590692698135,35.2796449871141],[-97.4590752706578,35.2805669868201],[-97.4590742704075,35.2819599868709],[-97.459070270364,35.28280398719],[-97.459075270264,35.2835649867881],[-97.4590792708028,35.2844869871522],[-97.459081269733,35.2849159872283],[-97.459086270291,35.2863789871861],[-97.4590872697643,35.2865289869145],[-97.4590872704052,35.286886987146],[-97.4590872702019,35.2873039865723],[-97.459085270527,35.2876869865849],[-97.459083270804,35.2880329872997],[-97.4590992698615,35.2891789873923],[-97.4591072699347,35.2902589870836],[-97.4591052707517,35.2908319869415],[-97.4584882699054,35.2908069871272],[-97.4579082707606,35.2908019865986],[-97.4574322705804,35.2908069869275],[-97.4571912703488,35.2908089873507],[-97.456285269956,35.2907999869939],[-97.4554222704184,35.2907959869605],[-97.4541792702673,35.2907989865811],[-97.4503462706987,35.2907969866927],[-97.4481312699191,35.2907959874062],[-97.4475592703282,35.2907999874077],[-97.447246270654,35.2908029873628],[-97.4462652703368,35.2907979867774],[-97.4456112700802,35.2907989868746],[-97.4450972706326,35.290799987262],[-97.4443572708434,35.2908039866028],[-97.443865270688,35.2908009872331],[-97.4431912705441,35.290797986721],[-97.4413252703084,35.2908069867607],[-97.4401742707349,35.2908059873688],[-97.4389012698904,35.2907979874567],[-97.4378572703807,35.290806987527],[-97.4368952703208,35.2907949874814],[-97.4356232705977,35.2907799872607],[-97.43418226989,35.2907919875232],[-97.4340102702474,35.2907929869755],[-97.4322182700058,35.290777987187],[-97.4304692699175,35.2907779873468],[-97.4283182706955,35.2907639870583],[-97.4259712702187,35.2907609872846],[-97.42516827024,35.2907619870649],[-97.4246172700964,35.2907649870489],[-97.423656270641,35.2907689871282],[-97.4230762704774,35.2907729873558],[-97.4217582704303,35.2907699875307],[-97.4208682704428,35.2907629874301],[-97.4198182699787,35.2907569873071],[-97.4194562701812,35.2907549869788],[-97.4181862701071,35.2907509872759],[-97.4166752703018,35.2907449873598],[-97.4155612701616,35.2907429876468],[-97.4153472708571,35.290741986892],[-97.4150512700318,35.2907399868683],[-97.4149542702155,35.2907389869493],[-97.4148042701052,35.2907379874142],[-97.4138882709444,35.2907339868996],[-97.410139270362,35.2907159870702],[-97.4059672703888,35.2906949873187],[-97.40593427026,35.2889879873062],[-97.405932270422,35.2888919870448],[-97.4059452705362,35.2884789873464],[-97.4059622709917,35.2879259872902],[-97.4059602699624,35.2877469874328],[-97.40595927079,35.2875559873679],[-97.4059592701039,35.287337986873],[-97.4059572702234,35.286952986982],[-97.4059622706303,35.2866529871411],[-97.4059782704627,35.2859899869334],[-97.405974270123,35.2839789875851],[-97.4059652709948,35.2832449877039],[-97.4059642709892,35.2831669874641],[-97.4059762707582,35.2816369874528],[-97.4059962705177,35.2810989871583],[-97.4060102706209,35.2804889869226],[-97.4059952708659,35.2793959877179],[-97.405995270523,35.276803987222],[-97.4060022705888,35.276191987279],[-97.3998082706254,35.2762249869315],[-97.3978592705325,35.2762149877297],[-97.3960192699461,35.2762049877962],[-97.3949112699146,35.2761989872396],[-97.3933472702537,35.2762129872089],[-97.3918232709651,35.2762039876186],[-97.3915442699932,35.2762049874548],[-97.3883842700621,35.2762129869869],[-97.3883772700053,35.2759729873306],[-97.3883492707818,35.2746289875397],[-97.3883432704012,35.2735999872722],[-97.3883402701155,35.2729009874342],[-97.3883292707933,35.2723359877615],[-97.3883212705014,35.2718919878048],[-97.388331270764,35.2707429877748],[-97.3883302706806,35.2706529872316],[-97.3883292703902,35.2701399871552],[-97.3883152700753,35.2690299876356],[-97.388340270791,35.2681369876989],[-97.3883382705582,35.2679349870924],[-97.3883332701744,35.2675279874678],[-97.3883292706229,35.2665239871527],[-97.3883802707722,35.2659299876096],[-97.3883912706261,35.2655189876647],[-97.3883892703721,35.2647589869903],[-97.3883912702698,35.2640379877835],[-97.3883762702996,35.2633069871892],[-97.388417270212,35.2619089874838],[-97.388419269961,35.2617279871474],[-97.3884312700563,35.2608599877853],[-97.3884332700211,35.2595799878861],[-97.388433269823,35.2590329878832],[-97.3884152700675,35.2581679879089],[-97.3884112704919,35.2580039877475],[-97.3884152699768,35.2568619870496],[-97.3884042701467,35.2561029874828],[-97.3883792699548,35.2551139870956],[-97.3883772705593,35.2544889871282],[-97.3883762704433,35.2543119878375],[-97.3883602705218,35.2533729875211],[-97.388354270009,35.2527609873912],[-97.3883502702955,35.252414987207],[-97.3883502700438,35.2519489872897],[-97.3883492700721,35.2516639878767],[-97.388358270598,35.2509179874131],[-97.3883572705738,35.2500019874615],[-97.388344270511,35.24844698758],[-97.388372270103,35.247219987567],[-97.3883392700065,35.2455539876989],[-97.3883382703507,35.2447609875362],[-97.3883382704893,35.2444439876947],[-97.3883382704196,35.2433939877603],[-97.38832327064,35.2412349873304],[-97.3883202702163,35.240765987974],[-97.3883102701214,35.2403039879739],[-97.3883062702919,35.240113987809],[-97.3883052706751,35.240063987837],[-97.3882822696814,35.2389709876945],[-97.3882612703043,35.2380999876248],[-97.3882092700785,35.2364889871535],[-97.3882022706397,35.2362709871454],[-97.3881962702492,35.2360759876952],[-97.3881912699755,35.2350439878734],[-97.3881882702225,35.234319987719],[-97.3881862702002,35.2338099872462],[-97.3881652696972,35.2327169873142],[-97.3881552697374,35.2321839871711],[-97.3881482698137,35.2318209877137],[-97.388151269732,35.230838987901],[-97.3881542699949,35.2299709871524],[-97.3881552697119,35.2297349873599],[-97.3881572698073,35.2293269874491],[-97.3881532700418,35.2284729874949],[-97.3881492704415,35.227313987158],[-97.3881482701307,35.2259779879729],[-97.388148269533,35.2258269872493],[-97.3881502704936,35.2252839880001],[-97.3881512705283,35.2248129876504],[-97.3881512698628,35.2247889878215],[-97.3881532699295,35.2242249873864],[-97.3881572704854,35.2233529874644],[-97.3881592698557,35.2231029875166],[-97.3881632699659,35.2223969878353],[-97.3881652702841,35.2221429875311],[-97.3881712695356,35.2212049878284],[-97.3881642696399,35.218543987238],[-97.3881522702976,35.21825498795],[-97.3900662696239,35.2182609875297],[-97.3924052703198,35.2182629876216],[-97.3933712697292,35.2182709879064],[-97.3952892697077,35.2182859874106],[-97.3964182695687,35.2182869879916],[-97.396687270499,35.218286987203],[-97.3982822700146,35.2182879876298],[-97.3989822700087,35.2182989878076],[-97.3990592701685,35.2182999877729],[-97.3991362696695,35.2183019873056],[-97.4009052699916,35.2183289878505],[-97.4021522694184,35.2183119873301],[-97.4031592701993,35.2183269874653],[-97.4032942697605,35.2183289872904],[-97.4036942697417,35.2183349877831],[-97.4039542699777,35.2183359874765],[-97.4060212697622,35.2183469878376],[-97.4078552694523,35.2183499879001],[-97.4081852700316,35.218349987902],[-97.4095832704416,35.2183499875201],[-97.4099232695085,35.2183479874486],[-97.4102292699516,35.2183509873682],[-97.4111192701348,35.2183519876663],[-97.4116882699059,35.2183529870571],[-97.4117442697005,35.2183529871814],[-97.4121202703601,35.2183529874947],[-97.4133512702774,35.2183559876409]]]},"properties":{"OBJECTID":414,"DIST_NAME":"Ward 6","Ward_num":6,"WARDNO":6,"GlobalID":"998e8140-0250-4be1-9f91-d72a86ac901c","Shape__Area":416728248.47497559,"Shape__Length":95048.474688455477}},{"type":"Feature","id":415,"geometry":{"type":"Polygon","coordinates":[[[-97.4329082693728,35.2038289875084],[-97.4328052694162,35.2038289875298],[-97.4324102692431,35.2038299873167],[-97.4321742699108,35.2038309872638],[-97.4318072694157,35.203846987038],[-97.4313552696825,35.20383298714],[-97.4306042694883,35.2031439877333],[-97.4303362701244,35.20282698757],[-97.4303112693364,35.2027879874316],[-97.4296642692882,35.2017889874725],[-97.4293622699755,35.2013219874986],[-97.429290269367,35.2012089871031],[-97.4283242700547,35.1997099874089],[-97.4277462698367,35.1987559878404],[-97.4275292692375,35.1983969870698],[-97.4263672695604,35.1965209877],[-97.4259582697485,35.1958609877271],[-97.4258542699962,35.1956949871337],[-97.4257482691294,35.1955249876078],[-97.4256302699821,35.1953359877262],[-97.4255812700244,35.1952579872574],[-97.4254932697229,35.1951519872089],[-97.425310269495,35.1949339870882],[-97.4250222700008,35.1946749879249],[-97.4249862700279,35.1946559871429],[-97.4250712699376,35.1945279872131],[-97.42476626996,35.194033987709],[-97.4247392701326,35.1939959873834],[-97.4246412699777,35.193812987608],[-97.4242012696738,35.1929949878579],[-97.42396426938,35.192616987112],[-97.4238452699398,35.1926699875733],[-97.4236952693021,35.1924029873685],[-97.4235112692161,35.1920909876712],[-97.4234142698467,35.1919289872326],[-97.4231922695669,35.1915689871543],[-97.4228632692043,35.1910429871188],[-97.4221592691296,35.1899169874483],[-97.421903269641,35.1895699877709],[-97.4218132692094,35.1894509874736],[-97.4214882698326,35.1888989874385],[-97.4209302696111,35.1880349877995],[-97.4205192692739,35.1873979872658],[-97.4201342697924,35.1868619873911],[-97.4196872693087,35.1862679873076],[-97.4194932700333,35.1860039879055],[-97.4192002697325,35.1855739877179],[-97.4188812693994,35.1851039877593],[-97.4187682700414,35.1849379874572],[-97.418697269062,35.1848239878753],[-97.4182792701537,35.1841499875359],[-97.4181762696597,35.1839819877993],[-97.4183982697614,35.1838929876344],[-97.4178582695211,35.1830319877676],[-97.4176512690711,35.1826979872739],[-97.4172552693251,35.1820559878079],[-97.4171902695452,35.1819519876334],[-97.4167142694462,35.1812319872951],[-97.4162842693524,35.1805829878249],[-97.4158772694542,35.1799489876658],[-97.4158122695195,35.1799809879203],[-97.4151112694154,35.1788759879418],[-97.414482269226,35.1778349873623],[-97.4143912700977,35.1776929874413],[-97.4143162700269,35.1775739876044],[-97.4140252700819,35.1771199873999],[-97.4136202695321,35.1764499871749],[-97.413179269363,35.1757799875628],[-97.4128002691968,35.1751589876402],[-97.4125792696773,35.1747949874383],[-97.4125062700303,35.1746749872644],[-97.4122052695039,35.174183987627],[-97.4114642694973,35.1730499872385],[-97.4110642695711,35.1724109873567],[-97.4104972698842,35.171508988079],[-97.4102782697153,35.1711589876619],[-97.4101102694266,35.1708919876082],[-97.4096352694209,35.1701159880538],[-97.4093182692334,35.1695999875075],[-97.4088502700213,35.1688519881111],[-97.408233269988,35.167863987835],[-97.4079592692193,35.1674379880924],[-97.4071182689992,35.1661339872929],[-97.4062452695912,35.1647119872612],[-97.4056372692014,35.1637639877091],[-97.4047972689703,35.162413987815],[-97.4045002693553,35.1619449881416],[-97.403686269842,35.1606549874809],[-97.4051172689733,35.160663987583],[-97.4060082696877,35.160659987656],[-97.4069252689241,35.1606569873747],[-97.4078222694142,35.1606619873754],[-97.408243269194,35.160664987553],[-97.4090152689179,35.1606699881205],[-97.4095122692331,35.160665987718],[-97.4098252696471,35.1606639873039],[-97.4114912689719,35.1606529876314],[-97.4120182690119,35.1606489873259],[-97.4131142697766,35.1606529877561],[-97.414376269641,35.1606589881028],[-97.4147402691744,35.1606759877278],[-97.4148052696311,35.1606789878526],[-97.4148382694425,35.1606789872177],[-97.4160002698952,35.1606859874729],[-97.4174662693437,35.1606879873843],[-97.4180312690291,35.1606879876036],[-97.418332269135,35.1606829873138],[-97.418420269096,35.1606809880091],[-97.4186882693477,35.1606939873337],[-97.4199292691737,35.1606679880561],[-97.4219212689341,35.1606679875598],[-97.4237252690227,35.1606679875061],[-97.4272732697499,35.1606679871626],[-97.4275012690625,35.1606659873206],[-97.4317882696527,35.1606369871967],[-97.432622269134,35.1606299871232],[-97.4335572691987,35.1606339876961],[-97.4336662693108,35.1606319877213],[-97.4337762688638,35.1606229875837],[-97.433921269465,35.1606349876913],[-97.4341102698299,35.1606209878202],[-97.4364092696477,35.1606039873131],[-97.4391082690216,35.1605869877331],[-97.4402632697488,35.160583987197],[-97.4413702691119,35.1605979876424],[-97.4425982687994,35.1606099876958],[-97.4433452697533,35.1606119875628],[-97.4437852694027,35.1606149871996],[-97.4438252689598,35.1606209875448],[-97.4448872693132,35.160782987314],[-97.4449002693552,35.1607839870711],[-97.4449742691225,35.1607969875099],[-97.4454222689834,35.1608649874575],[-97.4452382697577,35.1611769873969],[-97.444693269415,35.1621079872851],[-97.4442442695404,35.1627469877645],[-97.4439032698706,35.1632289879308],[-97.4436772689736,35.1635499876238],[-97.4440362689993,35.1647459876559],[-97.4440962698023,35.1648179875685],[-97.4441032695442,35.164836987051],[-97.4441162696244,35.1648519871855],[-97.4441702695006,35.1651909877415],[-97.4442032693378,35.165232987316],[-97.4442942696343,35.1653179873255],[-97.4443302698047,35.1653669870547],[-97.4443682689669,35.1654339874319],[-97.4445402696455,35.1656509878621],[-97.4446892689874,35.1658319874146],[-97.4448872695221,35.1660729878391],[-97.4451812693557,35.1664279874785],[-97.4460762691825,35.1674989877601],[-97.4469152696508,35.1685239875067],[-97.4481732695585,35.1691779877713],[-97.4499332692349,35.1700889871332],[-97.4500682693551,35.170104987652],[-97.450070269787,35.1702109874309],[-97.4500112688474,35.1716769870977],[-97.4500352691018,35.1721269875837],[-97.4500542693408,35.1734779872946],[-97.4500572693227,35.1737089877455],[-97.4500582694792,35.1749719873218],[-97.4502572696924,35.1750809871648],[-97.4502382695574,35.1766029876238],[-97.4502432692387,35.1782079872857],[-97.450219269926,35.179274987138],[-97.4501972700067,35.1803719871195],[-97.4501872695251,35.1806739872813],[-97.4501622694059,35.1813529878045],[-97.4501422695613,35.1815989873588],[-97.4501172696319,35.1818939878021],[-97.4502072690897,35.1819029876433],[-97.4501982699359,35.1820839874728],[-97.4501802691447,35.1828219871345],[-97.4501892697565,35.1834989876145],[-97.4500202699246,35.1834969869519],[-97.4500162694585,35.1852099870604],[-97.4500152690805,35.1858159876396],[-97.4500252697634,35.1866769873039],[-97.450011269674,35.1874359877192],[-97.4500232692361,35.1884899877601],[-97.4500222690715,35.1894049875359],[-97.4500222691924,35.1894919874642],[-97.4502082695271,35.1894919873113],[-97.4502082698702,35.189554987196],[-97.450200270034,35.1909079869995],[-97.4501962697538,35.1915199869321],[-97.4501822698747,35.1922669869713],[-97.4500852698514,35.1922649875155],[-97.4500782690693,35.1931209876848],[-97.4500672699476,35.1947719875429],[-97.450071269082,35.1950439870573],[-97.4500862691952,35.1961239870116],[-97.4501452694792,35.1966939877037],[-97.4501622691613,35.1968529876456],[-97.4501422697022,35.1975189872661],[-97.4501432692056,35.1980439877404],[-97.4501432693776,35.1983399870513],[-97.4501452693603,35.1996009873035],[-97.450144269321,35.1998699876648],[-97.4501382691437,35.2007669871511],[-97.4501382695752,35.200826987019],[-97.4501312693557,35.201804987156],[-97.4501302701079,35.2020559869092],[-97.4501312699509,35.2028029872519],[-97.4501332700244,35.2033709875554],[-97.4501342700178,35.2038399874333],[-97.4490002691676,35.203850986949],[-97.447900270183,35.2038589873797],[-97.4472242696419,35.203863987355],[-97.4460142693403,35.2038719875086],[-97.445382270048,35.203871987267],[-97.444207269951,35.2038679869044],[-97.4428132696777,35.203863987413],[-97.4412352695012,35.2038599871421],[-97.4401232700601,35.203856987535],[-97.439992269837,35.2038559872614],[-97.439838269208,35.2038549875464],[-97.4390512698605,35.2038539872643],[-97.4379412695333,35.2038489877168],[-97.4368422693326,35.203840987293],[-97.436385270026,35.2038369873223],[-97.4358182696535,35.2038339872558],[-97.4352152699025,35.2038299872867],[-97.4345992698636,35.2038259876887],[-97.4338232695659,35.2038269875362],[-97.4332582700093,35.2038289874947],[-97.4329082693728,35.2038289875084]]]},"properties":{"OBJECTID":415,"DIST_NAME":"Ward 7","Ward_num":7,"WARDNO":7,"GlobalID":"d77c0031-960e-4c06-9334-852660403b2d","Shape__Area":149436017.77539063,"Shape__Length":52814.596385363206}},{"type":"Feature","id":416,"geometry":{"type":"Polygon","coordinates":[[[-97.4872222705638,35.3017079865664],[-97.487048034483,35.3016269480727],[-97.4870457252079,35.3015400973023],[-97.48692236401,35.3014949923596],[-97.4868421754786,35.3014448556938],[-97.4868171705404,35.3013781156043],[-97.4868661488579,35.3013104012471],[-97.4869207900094,35.3012344307799],[-97.4869036635355,35.3011234209905],[-97.486806708159,35.3010653466466],[-97.4867421968158,35.3009027576697],[-97.486720521751,35.3008313390624],[-97.4866687903302,35.3007808675191],[-97.4865816524924,35.300753833624],[-97.4864813664552,35.3007969130675],[-97.4863919202273,35.3008767996026],[-97.4863656302531,35.3009025691422],[-97.4863556301811,35.3009917264999],[-97.4862961436432,35.3010423137717],[-97.4861754650841,35.3010174137281],[-97.4861269004417,35.3010111910218],[-97.4859921005056,35.3010460941989],[-97.485931406686,35.3010276256835],[-97.4858646015597,35.3009649922154],[-97.4857780431388,35.3009126686384],[-97.4856344856807,35.3008328152977],[-97.4856299168372,35.3007368578271],[-97.4856579204232,35.3006931481637],[-97.4856664394273,35.3006828363925],[-97.4857025206243,35.3005648496685],[-97.4857060054834,35.3005516542181],[-97.4857172700322,35.3005529865761],[-97.4858812697941,35.300555986998],[-97.4858962705308,35.3005549869549],[-97.4858192703401,35.2991599863708],[-97.4859022697871,35.298180986402],[-97.4859722697595,35.298183987184],[-97.4886752704386,35.2982929868899],[-97.488579269966,35.2976649870541],[-97.4884702707698,35.2969559864419],[-97.48803926979,35.2969819869223],[-97.487784270659,35.2967119866235],[-97.4873732707049,35.2962769870625],[-97.4868412697163,35.2956959866733],[-97.4866632701977,35.2957049872337],[-97.4858812706304,35.2957439872092],[-97.4858552708052,35.2952909870843],[-97.4844702701381,35.2944979870597],[-97.482973269986,35.294465987211],[-97.4806822707945,35.2944689872553],[-97.4767602705848,35.2944729872721],[-97.4767572704706,35.2943849865835],[-97.4767302703025,35.293550986794],[-97.4767132707501,35.2925609872954],[-97.4767282704429,35.2916679869692],[-97.4767082707218,35.2909539864179],[-97.4767052705257,35.290856986615],[-97.4766202702436,35.2908589868061],[-97.4760702701365,35.2908709868606],[-97.4750182708017,35.2908509870103],[-97.4745202697786,35.2908609872689],[-97.4743922701595,35.2908639867452],[-97.4738272706413,35.2908729869881],[-97.472775270351,35.2908859868159],[-97.4722462700747,35.290887987225],[-97.4715652702637,35.2908979868161],[-97.4711692699457,35.2908939871212],[-97.4708922700017,35.2908909870693],[-97.4693622703358,35.2909079865569],[-97.4690992699127,35.2909079865926],[-97.4685972700021,35.2909089872154],[-97.4685522707499,35.2909089867625],[-97.4680532699006,35.2909039870641],[-97.4677472706883,35.2909019867184],[-97.4674342707267,35.290898987287],[-97.4668552699663,35.2908939872638],[-97.465828269969,35.2908819868016],[-97.464936269822,35.2908759870422],[-97.4648042705627,35.2908719872877],[-97.4640552704034,35.2908479872888],[-97.4639112701022,35.290846987178],[-97.4632672704231,35.290842986963],[-97.4623792701568,35.2908589869746],[-97.4618702697928,35.2908609868714],[-97.4615472698671,35.2908629870938],[-97.4612512698445,35.2908539865678],[-97.4605232703796,35.290830987159],[-97.4591882699158,35.2908349870928],[-97.4591052707517,35.2908319869415],[-97.4591072699347,35.2902589870836],[-97.4590992698615,35.2891789873923],[-97.459083270804,35.2880329872997],[-97.459085270527,35.2876869865849],[-97.4590872702019,35.2873039865723],[-97.4590872704052,35.286886987146],[-97.4590872697643,35.2865289869145],[-97.459086270291,35.2863789871861],[-97.459081269733,35.2849159872283],[-97.4590792708028,35.2844869871522],[-97.459075270264,35.2835649867881],[-97.459070270364,35.28280398719],[-97.4590742704075,35.2819599868709],[-97.4590752706578,35.2805669868201],[-97.4590692698135,35.2796449871141],[-97.4590662705334,35.279192986638],[-97.4590642704853,35.2788519867878],[-97.4590632698991,35.2785709867158],[-97.4590602706064,35.2779339873417],[-97.4590562704252,35.276990986912],[-97.4590582702098,35.2763179867819],[-97.4590662701891,35.2747649874339],[-97.4590712704008,35.2739449873477],[-97.4590602703446,35.2726019867463],[-97.45905727004,35.2703819871397],[-97.4590542700788,35.2684409868724],[-97.4590662702456,35.267977987244],[-97.459085269884,35.2672389869658],[-97.4590792702323,35.26619498663],[-97.4590892703313,35.2648289872183],[-97.4590602701091,35.2618729868355],[-97.455316270169,35.2618939868124],[-97.4539792696358,35.2619009866888],[-97.4535692703944,35.2619039873927],[-97.4532632695639,35.2619139872009],[-97.4525792699447,35.2619149873792],[-97.4510492702459,35.2619179871339],[-97.4505662705264,35.2619189873949],[-97.4495092700897,35.2619159873292],[-97.4480242700407,35.2619039872976],[-97.446736270157,35.2619039868362],[-97.4458322697049,35.2619009867294],[-97.4456562697894,35.261900987283],[-97.444366270467,35.261884987348],[-97.4426222699377,35.2618779871738],[-97.4412202705678,35.2618809873932],[-97.4412182703415,35.2617829868106],[-97.4412352700357,35.261054986925],[-97.4412342701224,35.2605239869718],[-97.4412332703633,35.2603949870244],[-97.4412292704259,35.2595669871633],[-97.4412282701867,35.2595259872464],[-97.4412252699264,35.2591669868971],[-97.4412242702652,35.2590869871925],[-97.4412222704624,35.2586899875332],[-97.441219269618,35.2582079873648],[-97.4412082704184,35.2573699869685],[-97.4412252703794,35.256966987381],[-97.4412692699606,35.2559389873212],[-97.4412682696397,35.2557639873963],[-97.4412632704063,35.2549449870199],[-97.4411952702812,35.2528179870898],[-97.4411852706275,35.25238998679],[-97.4411842704683,35.2523209870334],[-97.44117827034,35.2520849874124],[-97.4411942701245,35.251592987072],[-97.4412092697722,35.2510799867988],[-97.4412252697915,35.2502589874082],[-97.4412202703845,35.2500179869185],[-97.4412202697784,35.2495839870838],[-97.4412212704139,35.2487669869542],[-97.4412222702374,35.2473969873453],[-97.441223269688,35.2466649873303],[-97.4412192696037,35.2464429871833],[-97.4411932699234,35.2450399876324],[-97.4411692699829,35.2438179875371],[-97.4411672697791,35.242498986957],[-97.4411662700343,35.2419779875586],[-97.4411642704845,35.2418509868101],[-97.4411562704145,35.2413059874312],[-97.4411512702916,35.2410039875044],[-97.4411392700375,35.2402419871434],[-97.4411372701066,35.2401389868323],[-97.4411182698303,35.2388419869848],[-97.441114269456,35.2386259874545],[-97.4411082697151,35.2381849874281],[-97.4410962699429,35.2374529871828],[-97.4410942704637,35.2371169875905],[-97.4410922694132,35.2356649869461],[-97.4410932696723,35.2351089873351],[-97.4410882703445,35.2345889868981],[-97.4410732701962,35.2340019868351],[-97.4410742699705,35.2328489874055],[-97.4427342702037,35.2328549874214],[-97.4444232703513,35.2328629870628],[-97.4461552704201,35.232875987505],[-97.4479412699258,35.2328899873705],[-97.4494952698053,35.2328959873999],[-97.4499282701036,35.2328979873039],[-97.450556269946,35.2328999869175],[-97.4512792697238,35.2329029875631],[-97.451687269925,35.2329039873329],[-97.4518142701223,35.2329049868545],[-97.453368270087,35.2329279872233],[-97.4544702704054,35.2329439871601],[-97.4552882702586,35.2329259871336],[-97.4570662702696,35.2329609875811],[-97.4589932703597,35.232950987112],[-97.4604562699465,35.2329409874098],[-97.4611242701415,35.2329439873241],[-97.4657432700053,35.2329679870931],[-97.4664242698082,35.232970986738],[-97.4679372699339,35.232968987415],[-97.4684302696286,35.2329679872448],[-97.4692372699378,35.2329709874837],[-97.4710152699941,35.2329789870355],[-97.4740822698649,35.2329779867974],[-97.4762012701725,35.2329719869394],[-97.4775772702331,35.2329669872149],[-97.4785082700596,35.2329649872856],[-97.478974269789,35.2329639872465],[-97.4792212693594,35.2329619873754],[-97.4794702697195,35.2329609869709],[-97.4797212694621,35.2329599873071],[-97.4803102698146,35.2329569866249],[-97.4803772693638,35.2329569866036],[-97.4804792701108,35.2329559869249],[-97.4814462698271,35.2329509872572],[-97.4825912697135,35.2329499871572],[-97.4826662701286,35.2329499870895],[-97.4853242693434,35.2329479874321],[-97.485397269253,35.2329479872453],[-97.4856172693917,35.2329469873937],[-97.4857222702328,35.2329459868985],[-97.4884042693743,35.2329309873503],[-97.489243270205,35.2329409866861],[-97.4892422697152,35.2328769868467],[-97.4893112696624,35.2328769866596],[-97.4894092695998,35.2328769869154],[-97.4894092696866,35.232987986741],[-97.4909802693341,35.2329769870147],[-97.4913342702227,35.2329749872696],[-97.4921162695183,35.2329689872547],[-97.4927302698803,35.232964986542],[-97.4944622697141,35.2329529872612],[-97.4944682696045,35.2331029874218],[-97.4944402695041,35.2336109870216],[-97.4944252694037,35.233885987063],[-97.4943892698888,35.2363449874003],[-97.4943782701351,35.2372069874095],[-97.4943642694396,35.2382309867825],[-97.4943502698674,35.2392489872394],[-97.4943392699145,35.2400669865539],[-97.494316269564,35.2418749872405],[-97.4943072698422,35.242973986594],[-97.4942852701205,35.2473769865713],[-97.4950332700859,35.2473779872146],[-97.4974732694837,35.2473799868154],[-97.4988492697242,35.2474029867851],[-97.50000126967,35.2474239869324],[-97.5002592700969,35.2474229871623],[-97.5017852696925,35.2474129870297],[-97.5031202698728,35.2474059870389],[-97.5048062701109,35.2474069871639],[-97.5077142694162,35.2474069868964],[-97.5095602693764,35.2474059867335],[-97.5118872697548,35.2473719872671],[-97.511864269563,35.2497159866867],[-97.5118752698098,35.2500029871209],[-97.5118702695352,35.250171986431],[-97.5118492696078,35.25078998652],[-97.5118512697187,35.2509069865292],[-97.5118642695068,35.2517399868047],[-97.5118602698842,35.251873986829],[-97.511839270286,35.2526759869084],[-97.5118412693513,35.2538109871374],[-97.5118422701885,35.2538689868299],[-97.5118622698867,35.2548639869437],[-97.5118592692888,35.2551039870762],[-97.5118512702264,35.2556799868472],[-97.5118932696864,35.2564539864353],[-97.5118822693179,35.2567869867909],[-97.5118832701146,35.2569849870295],[-97.5118852697569,35.2577119870642],[-97.5118802696642,35.2583999865271],[-97.5118912703908,35.2593739865558],[-97.5118942698192,35.2595399866713],[-97.5119202696637,35.2605509867102],[-97.5119162696716,35.2613789870936],[-97.5119322694797,35.2616499864139],[-97.5119312694505,35.2618639863314],[-97.5119292704139,35.262357986545],[-97.5119522699576,35.2637129870661],[-97.5119572700245,35.2638509863223],[-97.5119752702903,35.2655459864995],[-97.5119622700876,35.2659939871647],[-97.5119602701367,35.2663009865939],[-97.5119682701226,35.2674649868054],[-97.5119652697455,35.2677589864665],[-97.5119642699845,35.268257986628],[-97.5119642696841,35.2684619868272],[-97.5119742696898,35.268868986678],[-97.5119662704928,35.2696279867354],[-97.5119622703961,35.2702859866803],[-97.5119592696845,35.270596986333],[-97.5119692696859,35.2717709867316],[-97.5119822697333,35.2725099863309],[-97.5120042704429,35.2740659868308],[-97.5120022704232,35.2749339863614],[-97.5120182702034,35.2757679870259],[-97.5120132701905,35.2763759865948],[-97.5111182697334,35.2763799866452],[-97.5108442701772,35.2763759867528],[-97.5089332697537,35.2763459865351],[-97.5079382700905,35.276352986888],[-97.507093269856,35.2763419870004],[-97.5063132700672,35.2763469867251],[-97.5062372703965,35.2763479870348],[-97.5033432698553,35.2763299869668],[-97.5023682695335,35.2763329867651],[-97.5014402702906,35.2763429869959],[-97.5008802703468,35.2763559872324],[-97.5006782696776,35.2763599865719],[-97.5000012700051,35.2763849863695],[-97.4989382696316,35.2763809865391],[-97.4987192705716,35.2763789871222],[-97.4976132701097,35.2763739868114],[-97.4966792695975,35.2763779867917],[-97.4961792696691,35.2763799865142],[-97.4947902703155,35.2763729864619],[-97.4942832702271,35.2763779863852],[-97.4931802698518,35.276387986705],[-97.4900822696494,35.276394987281],[-97.4884662702025,35.2764169865008],[-97.4883512700244,35.276419986832],[-97.4876982696174,35.2764359872487],[-97.4871902696151,35.2764469865072],[-97.4864172696683,35.2764579869329],[-97.4860122698857,35.2764449872697],[-97.4856842705653,35.2764339872381],[-97.4856872697083,35.2811319869223],[-97.4856922699151,35.281439987276],[-97.4856992705523,35.2818799869943],[-97.4856752706303,35.2826419866423],[-97.485669270469,35.2835139864409],[-97.4857162701602,35.2844999866482],[-97.4857852704775,35.2850519870564],[-97.4858492701761,35.2855039867603],[-97.4860002705187,35.2862589871702],[-97.4861312697985,35.2868119867492],[-97.4861722703594,35.2869439864301],[-97.4862372698643,35.2871559866427],[-97.4864332706815,35.2877439865643],[-97.4865372700371,35.2880789868346],[-97.4865762698857,35.2882049867474],[-97.4867542697192,35.2887309868465],[-97.4869612698247,35.2892769865184],[-97.4871622698408,35.2898409866502],[-97.4873222705914,35.2902509863928],[-97.4875972698603,35.291032986497],[-97.4877412702939,35.2914579866104],[-97.4880182700619,35.2921499867391],[-97.4881292699662,35.2925009868187],[-97.4882542702641,35.2928949865969],[-97.4885532707081,35.2936549871135],[-97.489098270257,35.2951449868604],[-97.4893972705944,35.2959319869277],[-97.4896112698265,35.2966779868961],[-97.4896232703714,35.2967199867586],[-97.4897792703012,35.2973539869738],[-97.4898932701746,35.2979529869117],[-97.4900352699635,35.2993369869186],[-97.4900682700951,35.2998939863721],[-97.4900522699637,35.3008869868694],[-97.4900622701428,35.3017789871761],[-97.4900602707926,35.302278986619],[-97.4898482703983,35.3022759867025],[-97.4895082698202,35.3022629863619],[-97.4880652699585,35.30226098646],[-97.4880832706792,35.3017089868752],[-97.4872222705638,35.3017079865664]]]},"properties":{"OBJECTID":416,"DIST_NAME":"Ward 8","Ward_num":8,"WARDNO":8,"GlobalID":"3c7bff50-f9c7-4240-a610-acf029f841b2","Shape__Area":327673788.32348633,"Shape__Length":95729.412924429809}}]}